SMITH,1,2442977,828.19,828.19,70.9,23.11,0.5,0.89,2.19,2.4
JOHNSON,2,1932812,655.24,1483.42,58.97,34.63,0.54,0.94,2.56,2.36
WILLIAMS,3,1625252,550.97,2034.39,45.75,47.68,0.46,0.82,2.81,2.49
BROWN,4,1437026,487.16,2521.56,57.95,35.6,0.51,0.87,2.55,2.52
JONES,5,1425470,483.24,3004.8,55.19,38.48,0.44,1,2.61,2.29
GARCIA,6,1166120,395.32,3400.12,5.38,0.45,1.41,0.47,0.26,92.03
MILLER,7,1161437,393.74,3793.86,84.11,10.76,0.54,0.66,1.77,2.17
DAVIS,8,1116357,378.45,4172.31,62.2,31.6,0.49,0.82,2.45,2.44
RODRIGUEZ,9,1094924,371.19,4543.5,4.75,0.54,0.57,0.18,0.18,93.77
MARTINEZ,10,1060159,359.4,4902.9,5.28,0.49,0.6,0.51,0.22,92.91
HERNANDEZ,11,1043281,353.68,5256.58,3.79,0.36,0.6,0.19,0.16,94.89
LOPEZ,12,874523,296.47,5553.05,4.86,0.57,1.02,0.38,0.25,92.92
GONZALEZ,13,841025,285.11,5838.16,4.03,0.35,0.38,0.14,0.13,94.97
WILSON,14,801882,271.84,6110,67.36,25.99,0.6,1.06,2.38,2.61
ANDERSON,15,784404,265.92,6375.92,75.17,18.93,0.61,0.74,2.11,2.44
THOMAS,16,756142,256.34,6632.26,52.63,38.75,2.44,1.07,2.58,2.54
TAYLOR,17,751209,254.67,6886.93,65.38,28.42,0.56,0.76,2.41,2.46
MOORE,18,724374,245.57,7132.49,66.41,27.74,0.48,0.68,2.34,2.34
JACKSON,19,708099,240.05,7372.54,39.89,53.04,0.39,1.06,3.12,2.5
MARTIN,20,702625,238.19,7610.74,74.8,15.76,0.9,0.98,2.02,5.56
LEE,21,693023,234.94,7845.68,35.95,16.33,42.22,0.97,2.64,1.89
PEREZ,22,681645,231.08,8076.76,4.96,0.45,1.17,0.2,0.26,92.95
THOMPSON,23,664644,225.32,8302.08,69.78,23.57,0.57,1.22,2.37,2.49
WHITE,24,660491,223.91,8525.99,65.51,28.17,0.49,1.07,2.38,2.38
HARRIS,25,624252,211.63,8737.62,51.4,42.39,0.47,0.67,2.8,2.26
SANCHEZ,26,612752,207.73,8945.34,4.98,0.45,0.96,0.37,0.24,92.99
CLARK,27,562679,190.75,9136.1,74.65,19.02,0.54,1.01,2.19,2.58
RAMIREZ,28,557423,188.97,9325.07,3.89,0.31,0.93,0.2,0.19,94.48
LEWIS,29,531781,180.28,9505.34,58.23,34.84,0.56,1.2,2.58,2.58
ROBINSON,30,529821,179.61,9684.96,48.7,44.93,0.46,0.53,2.77,2.61
WALKER,31,523129,177.34,9862.3,58.66,35.05,0.45,0.87,2.55,2.41
YOUNG,32,484447,164.23,10026.53,66.26,24.67,3.03,0.79,2.66,2.58
ALLEN,33,482607,163.61,10190.14,67.59,26.17,0.54,0.86,2.38,2.47
KING,34,465422,157.78,10347.92,70.16,22.76,1.23,0.98,2.31,2.55
WRIGHT,35,458980,155.6,10503.52,65.8,28.23,0.51,0.69,2.41,2.36
SCOTT,36,439530,149,10652.52,60.21,32.92,0.51,1.18,2.59,2.58
TORRES,37,437813,148.42,10800.94,5.35,0.57,1.43,0.2,0.28,92.16
NGUYEN,38,437645,148.36,10949.31,0.95,0.12,96.45,0.03,1.83,0.63
HILL,39,434827,147.41,11096.72,64.36,29.12,0.53,0.97,2.51,2.51
FLORES,40,433969,147.12,11243.84,4.87,0.42,2.08,0.34,0.36,91.94
GREEN,41,430182,145.83,11389.67,56.84,36.97,0.44,0.64,2.47,2.64
ADAMS,42,427865,145.05,11534.72,74.02,19.9,0.56,0.79,2.16,2.57
NELSON,43,424958,144.06,11678.78,77.66,15.97,0.67,1.16,2,2.55
BAKER,44,419586,142.24,11821.03,79.83,14.44,0.56,0.87,2.02,2.28
HALL,45,407076,138,11959.03,72.65,21.59,0.64,0.65,2.22,2.25
RIVERA,46,391114,132.59,12091.62,5.4,0.95,2.04,0.18,0.37,91.06
CAMPBELL,47,386157,130.91,12222.53,73.66,20.47,0.53,0.71,2.13,2.49
MITCHELL,48,384486,130.34,12352.87,61.02,32.5,0.48,1.04,2.5,2.47
CARTER,49,376966,127.79,12480.66,58.2,35.59,0.45,0.78,2.65,2.34
ROBERTS,50,376774,127.73,12608.39,77.27,16.72,0.61,0.85,2.15,2.4
GOMEZ,51,365655,123.96,12732.35,5.12,0.75,1.01,0.26,0.26,92.6
PHILLIPS,52,360802,122.31,12854.67,76.69,17.09,0.58,1.03,2.17,2.44
EVANS,53,355593,120.55,12975.22,68.39,25.72,0.47,0.74,2.3,2.39
TURNER,54,348627,118.19,13093.4,64.25,30.13,0.42,0.6,2.38,2.23
DIAZ,55,347636,117.85,13211.25,5.19,0.65,1.19,0.16,0.25,92.56
PARKER,56,336221,113.98,13325.24,69.17,24.79,0.54,0.88,2.35,2.26
CRUZ,57,334201,113.3,13438.53,5.17,0.8,5.19,0.27,0.7,87.88
EDWARDS,58,332423,112.69,13551.23,62.13,31.63,0.5,0.77,2.47,2.5
COLLINS,59,329770,111.79,13663.02,71.61,22.43,0.49,0.77,2.23,2.47
REYES,60,327904,111.16,13774.18,4.41,0.59,5.58,0.24,0.59,88.58
STEWART,61,324957,110.16,13884.34,69.17,24.86,0.48,0.77,2.24,2.49
MORRIS,62,318884,108.1,13992.45,73.59,20.08,0.57,0.98,2.24,2.55
MORALES,63,311777,105.69,14098.14,4.63,0.57,1.18,0.17,0.21,93.23
MURPHY,64,308417,104.56,14202.7,83.11,11.53,0.58,0.68,1.76,2.34
COOK,65,302589,102.58,14305.28,81.8,12.55,0.57,0.92,1.98,2.17
ROGERS,66,302261,102.47,14407.75,75.4,18.53,0.54,0.82,2.1,2.62
GUTIERREZ,67,293218,99.4,14507.15,4.57,0.24,1.4,0.25,0.2,93.33
ORTIZ,68,286899,97.26,14604.41,4.96,0.64,0.67,0.37,0.25,93.11
MORGAN,69,286280,97.05,14701.46,76.07,17.27,0.54,1.24,2.1,2.78
COOPER,70,280791,95.19,14796.65,67.93,26.13,0.5,0.74,2.31,2.4
PETERSON,71,278297,94.34,14891,84.39,10.09,0.66,0.74,1.72,2.4
BAILEY,72,277845,94.19,14985.19,72.45,22,0.5,0.62,2.16,2.28
REED,73,277030,93.92,15079.1,71.29,22.63,0.51,1.05,2.3,2.22
KELLY,74,267394,90.65,15169.75,78.09,16.22,0.64,0.54,1.81,2.69
HOWARD,75,264826,89.78,15259.53,64.31,29.49,0.5,0.87,2.46,2.37
RAMOS,76,263464,89.32,15348.84,6.49,0.98,4.89,0.19,0.65,86.79
KIM,77,262352,88.94,15437.78,2.52,0.39,94.47,0.02,1.96,0.65
COX,78,261231,88.56,15526.34,82.62,12.07,0.5,0.67,1.82,2.33
WARD,79,260464,88.3,15614.64,75.58,18.5,0.49,0.91,2.08,2.44
RICHARDSON,80,259798,88.07,15702.72,59.7,33.63,0.48,1.1,2.44,2.65
WATSON,81,252579,85.63,15788.34,66.03,27.9,0.53,0.82,2.3,2.41
BROOKS,82,251663,85.32,15873.66,60.22,33.47,0.48,0.79,2.56,2.48
CHAVEZ,83,250898,85.06,15958.71,5.02,0.21,0.65,0.94,0.23,92.96
WOOD,84,250715,84.99,16043.71,88.72,5.57,0.66,0.84,1.79,2.42
JAMES,85,249379,84.54,16128.25,51.58,38.86,1.27,2.58,2.64,3.08
BENNETT,86,247599,83.94,16212.19,76.56,17.53,0.53,0.88,1.99,2.5
GRAY,87,246116,83.44,16295.62,68.68,25.13,0.54,0.91,2.33,2.41
MENDOZA,88,242771,82.3,16377.92,4.11,0.35,4.91,0.24,0.42,89.97
RUIZ,89,238234,80.76,16458.68,5.17,0.44,1.03,0.22,0.24,92.89
HUGHES,90,236271,80.1,16538.78,78.39,16.13,0.5,0.53,1.97,2.47
PRICE,91,235251,79.75,16618.53,73.93,20.51,0.51,0.66,2.14,2.24
ALVAREZ,92,233983,79.32,16697.86,5.18,0.6,1.16,0.38,0.23,92.45
CASTILLO,93,230420,78.11,16775.97,4.92,0.72,3.04,0.59,0.46,90.26
SANDERS,94,230374,78.1,16854.07,60.78,32.97,0.41,0.84,2.43,2.57
PATEL,95,229973,77.96,16932.03,2.1,0.38,94.78,0.65,1.65,0.44
MYERS,96,229895,77.94,17009.97,84.5,10.54,0.5,0.55,1.8,2.1
LONG,97,229374,77.76,17087.73,79.88,12.1,2.48,1.32,1.97,2.24
ROSS,98,229368,77.76,17165.48,68.96,24.46,0.61,0.9,2.32,2.75
FOSTER,99,227764,77.21,17242.7,69.65,23.94,0.55,0.88,2.33,2.65
JIMENEZ,100,227118,76.99,17319.69,3.84,0.29,1.49,0.2,0.21,93.97
POWELL,101,224874,76.23,17395.93,67.2,27.12,0.46,0.62,2.29,2.31
JENKINS,102,222653,75.48,17471.41,57.76,36.78,0.39,0.57,2.42,2.07
PERRY,103,221741,75.17,17546.58,68.32,25.2,0.57,0.81,2.43,2.67
RUSSELL,104,221558,75.11,17621.69,77.05,16.69,0.57,1.05,2.18,2.46
SULLIVAN,105,220990,74.92,17696.61,87.73,7.13,0.6,0.57,1.59,2.39
BELL,106,220599,74.78,17771.39,61.11,32.35,0.55,1.01,2.51,2.46
COLEMAN,107,219070,74.27,17845.66,49.43,44.6,0.4,0.53,2.79,2.25
BUTLER,108,218847,74.19,17919.85,62.36,31.54,0.45,0.84,2.45,2.35
HENDERSON,109,218393,74.04,17993.88,59.63,33.98,0.45,0.86,2.56,2.51
BARNES,110,218241,73.99,18067.87,64.81,29.28,0.48,0.75,2.35,2.33
GONZALES,111,214758,72.8,18140.67,9.83,0.99,3.8,0.76,0.56,84.06
FISHER,112,214703,72.79,18213.46,82.58,11.79,0.55,0.76,1.89,2.43
VASQUEZ,113,212781,72.13,18285.59,5.06,0.51,0.73,0.29,0.24,93.17
SIMMONS,114,210182,71.25,18356.85,57.91,36.15,0.47,0.67,2.52,2.29
ROMERO,115,208614,70.72,18427.57,8.65,0.5,1.3,0.69,0.37,88.5
JORDAN,116,208403,70.65,18498.22,61.44,30.73,0.55,0.72,2.45,4.11
PATTERSON,117,205423,69.64,18567.86,67.27,26.8,0.47,0.68,2.35,2.43
ALEXANDER,118,204621,69.37,18637.23,58.19,34.04,1.24,0.7,2.66,3.17
HAMILTON,119,201746,68.39,18705.62,70.21,23.71,0.54,0.8,2.29,2.45
GRAHAM,120,201159,68.19,18773.81,70.02,23.99,0.51,0.8,2.13,2.55
REYNOLDS,121,200247,67.89,18841.7,81.08,13.21,0.52,0.71,2.02,2.45
GRIFFIN,122,198406,67.26,18908.96,63.77,30.81,0.44,0.47,2.28,2.21
WALLACE,123,197276,66.88,18975.84,69.24,24.7,0.51,0.77,2.31,2.47
MORENO,124,196925,66.76,19042.6,6.09,0.43,0.67,0.37,0.22,92.23
WEST,125,195818,66.38,19108.98,75.48,18.48,0.49,0.83,2.27,2.45
COLE,126,195289,66.2,19175.18,75.33,18.89,0.55,0.72,2.1,2.41
HAYES,127,194246,65.85,19241.03,69.38,24.69,0.49,0.81,2.34,2.29
BRYANT,128,192773,65.35,19306.39,58.46,35.58,0.39,0.89,2.47,2.21
HERRERA,129,192711,65.33,19371.72,4.92,0.36,0.96,0.51,0.22,93.03
GIBSON,130,190667,64.64,19436.35,72.14,21.78,0.46,0.97,2.34,2.31
ELLIS,131,188968,64.06,19500.42,70.36,23.47,0.54,0.66,2.24,2.73
TRAN,132,188498,63.9,19564.32,1.35,0.1,96,0.03,1.7,0.81
MEDINA,133,188497,63.9,19628.22,5.69,0.6,1.92,0.3,0.33,91.16
AGUILAR,134,186512,63.23,19691.45,4.03,0.26,1.64,0.52,0.23,93.32
STEVENS,135,185674,62.94,19754.39,81.44,11.82,0.64,1.33,2.04,2.74
MURRAY,136,184910,62.69,19817.08,74.92,19.29,0.57,0.6,2.02,2.6
FORD,137,184832,62.66,19879.74,62.05,32,0.45,0.61,2.52,2.37
CASTRO,138,184134,62.42,19942.16,7.29,0.66,3.74,0.24,0.64,87.42
MARSHALL,139,183922,62.35,20004.51,66.03,27.51,0.58,0.96,2.34,2.58
OWENS,140,182719,61.94,20066.45,65.85,28.41,0.36,0.75,2.47,2.17
HARRISON,141,181091,61.39,20127.85,68.66,24.45,0.52,1.39,2.27,2.7
FERNANDEZ,142,180842,61.31,20189.15,8.77,1.15,5.38,0.18,0.93,83.58
MCDONALD,143,180497,61.19,20250.34,76.65,17.28,0.55,0.78,2.01,2.73
WOODS,144,177425,60.15,20310.49,58.3,35.3,0.42,0.88,2.74,2.35
WASHINGTON,145,177386,60.14,20370.63,5.17,87.53,0.3,0.68,3.78,2.54
KENNEDY,146,176865,59.96,20430.58,80.82,13.63,0.62,0.61,1.87,2.45
WELLS,147,176230,59.74,20490.33,74,20,0.49,0.87,2.22,2.41
VARGAS,148,173835,58.93,20549.26,5.41,0.42,0.85,0.18,0.22,92.92
HENRY,149,170964,57.96,20607.22,61.43,30.68,0.84,1.87,2.34,2.84
CHEN,150,169580,57.49,20664.71,1.4,0.3,96.12,0.02,1.64,0.52
FREEMAN,151,169149,57.34,20722.05,65.5,28.34,0.52,0.95,2.38,2.3
WEBB,152,168878,57.25,20779.3,75.53,19.08,0.46,0.66,1.99,2.29
TUCKER,153,167446,56.77,20836.06,70.01,24.17,0.45,0.78,2.25,2.35
GUZMAN,154,167044,56.63,20892.69,4.11,0.42,1.29,0.15,0.27,93.77
BURNS,155,165925,56.25,20948.94,80.26,14.06,0.59,0.78,1.83,2.48
CRAWFORD,156,164457,55.75,21004.69,68.56,25.65,0.49,0.75,2.3,2.24
OLSON,157,164035,55.61,21060.3,94.76,0.4,0.66,0.72,1.43,2.03
SIMPSON,158,163181,55.32,21115.62,70.78,23.09,0.53,0.78,2.3,2.53
PORTER,159,163054,55.28,21170.9,68.57,25.4,0.55,0.72,2.31,2.45
HUNTER,160,162440,55.07,21225.97,60.78,32.69,0.48,1.02,2.63,2.41
GORDON,161,161833,54.86,21280.83,64.25,29.15,0.62,0.68,2.26,3.04
MENDEZ,162,161717,54.82,21335.65,4.48,0.78,0.48,0.24,0.18,93.83
SILVA,163,161633,54.79,21390.45,32.61,2.03,2.01,0.39,1.62,61.34
SHAW,164,160400,54.38,21444.83,72.07,21.19,1.48,0.75,2.15,2.36
SNYDER,165,160262,54.33,21499.16,94.07,1.46,0.59,0.52,1.45,1.92
MASON,166,160213,54.31,21553.47,68.82,25.1,0.53,0.76,2.38,2.41
DIXON,167,159480,54.06,21607.53,54.25,39.26,0.43,0.96,2.61,2.49
MUNOZ,168,158483,53.73,21661.26,4.89,0.3,0.91,0.21,0.21,93.48
HUNT,169,158421,53.71,21714.97,73.57,16.93,0.61,4.23,2.35,2.31
HICKS,170,158320,53.67,21768.64,67.37,26.88,0.42,0.98,2.23,2.13
HOLMES,171,156780,53.15,21821.79,56.79,37.28,0.42,0.76,2.37,2.38
PALMER,172,156601,53.09,21874.88,75.08,18.57,0.55,0.81,2.11,2.87
WAGNER,173,155795,52.82,21927.69,92.47,2.6,0.58,0.54,1.4,2.41
BLACK,174,154738,52.46,21980.15,74.63,19,0.53,1.44,2.08,2.33
ROBERTSON,175,153666,52.09,22032.24,73.42,20.61,0.52,0.89,2.11,2.46
BOYD,176,153469,52.03,22084.27,63.18,30.77,0.51,1.02,2.36,2.16
ROSE,177,153397,52,22136.27,82.08,11.61,0.72,0.64,1.99,2.96
STONE,178,153329,51.98,22188.25,85.95,8.13,0.65,0.95,1.93,2.39
SALAZAR,179,152703,51.77,22240.02,5.62,0.27,1.69,0.46,0.3,91.65
FOX,180,152334,51.64,22291.66,88.08,6.06,0.56,1.03,1.84,2.42
WARREN,181,152147,51.58,22343.24,70.08,23.94,0.55,0.84,2.26,2.33
MILLS,182,151942,51.51,22394.75,77.5,16.77,0.51,0.82,2.06,2.33
MEYER,183,150895,51.15,22445.9,94.84,0.52,0.71,0.29,1.37,2.28
RICE,184,149500,50.68,22496.59,77.63,16.74,0.57,0.74,1.99,2.33
SCHMIDT,185,147034,49.85,22546.43,95.15,0.37,0.61,0.34,1.19,2.34
GARZA,186,147005,49.84,22596.27,6.66,0.24,0.17,0.28,0.15,92.49
DANIELS,187,146570,49.69,22645.96,54.67,38.54,0.51,0.91,2.68,2.7
FERGUSON,188,146426,49.64,22695.59,74.83,19.19,0.6,0.62,2.23,2.53
NICHOLS,189,145584,49.35,22744.95,82.42,11.88,0.52,0.76,1.99,2.43
STEPHENS,190,144646,49.04,22793.98,73.9,20.31,0.46,0.67,2.12,2.54
SOTO,191,144451,48.97,22842.95,5.15,0.48,0.44,0.26,0.22,93.45
WEAVER,192,143837,48.76,22891.72,84.41,9.99,0.52,1.09,1.87,2.12
RYAN,193,143452,48.63,22940.35,91.65,3.02,0.89,0.43,1.46,2.55
GARDNER,194,142894,48.44,22988.79,75.01,19.4,0.56,0.7,2.04,2.29
PAYNE,195,142601,48.34,23037.13,71.55,22.63,0.45,0.58,2.37,2.42
GRANT,196,142277,48.23,23085.37,55.36,37.91,0.52,1.08,2.35,2.79
DUNN,197,141427,47.94,23133.31,80.08,14.39,0.75,0.59,1.94,2.25
KELLEY,198,140693,47.7,23181.01,83.78,10.8,0.55,0.66,2.03,2.18
SPENCER,199,139951,47.44,23228.45,69.41,23.22,0.76,1.47,2.48,2.67
HAWKINS,200,139751,47.38,23275.83,61.08,32.75,0.48,0.69,2.5,2.5
ARNOLD,201,138893,47.09,23322.91,81.27,13.34,0.57,0.55,1.87,2.41
PIERCE,202,138629,47,23369.91,80.98,12.86,0.53,1.06,2.1,2.47
VAZQUEZ,203,138322,46.89,23416.8,3.53,0.35,0.18,0.06,0.12,95.75
HANSEN,204,137977,46.78,23463.58,94.22,0.53,0.74,0.49,1.47,2.54
PETERS,205,137513,46.62,23510.19,82.86,10.41,0.98,1.33,1.86,2.55
SANTOS,206,137232,46.52,23556.72,20.06,2.31,13.32,0.27,1.85,62.2
HART,207,137184,46.51,23603.22,80.54,13.64,0.56,0.73,2.01,2.52
BRADLEY,208,136720,46.35,23649.57,69.12,25.09,0.44,0.82,2.19,2.34
KNIGHT,209,136713,46.35,23695.92,72.31,21.61,0.52,0.9,2.17,2.5
ELLIOTT,210,135765,46.03,23741.94,81.62,12.96,0.54,0.66,2,2.21
CUNNINGHAM,211,135718,46.01,23787.95,73.16,21.18,0.53,0.48,2.07,2.58
DUNCAN,212,135187,45.83,23833.78,76.39,17.33,0.52,0.99,2.21,2.55
ARMSTRONG,213,135044,45.78,23879.56,72.39,21.01,0.58,0.93,2.31,2.79
HUDSON,214,134963,45.75,23925.32,66.88,27.42,0.46,0.84,2.2,2.2
CARROLL,215,134317,45.53,23970.85,82.95,11.48,0.61,0.67,1.92,2.36
LANE,216,134227,45.5,24016.35,77.14,16.88,0.61,0.92,2.12,2.33
RILEY,217,133872,45.38,24061.74,72.79,21.27,0.51,0.87,2.08,2.48
ANDREWS,218,133799,45.36,24107.1,71.78,21.58,0.78,1.09,2.2,2.57
ALVARADO,219,133501,45.26,24152.35,4.29,0.33,0.53,0.23,0.2,94.42
RAY,220,133171,45.15,24197.5,74.97,17.54,1.94,0.93,2.05,2.56
DELGADO,221,132985,45.08,24242.58,5.57,0.72,0.8,0.19,0.25,92.47
BERRY,222,132812,45.02,24287.61,70.66,23.11,0.56,0.8,2.34,2.53
PERKINS,223,131440,44.56,24332.17,69.45,24.6,0.53,0.73,2.33,2.37
HOFFMAN,224,131401,44.55,24376.71,94.08,1.26,0.63,0.56,1.34,2.12
JOHNSTON,225,131373,44.54,24421.25,91.62,2.41,0.68,0.83,1.84,2.62
MATTHEWS,226,131303,44.51,24465.76,63.37,30.67,0.62,0.58,2.36,2.39
PENA,227,130776,44.33,24510.1,5.34,0.52,1.09,0.31,0.24,92.5
RICHARDS,228,130529,44.25,24554.35,78.67,14.86,0.66,1.04,1.96,2.81
CONTRERAS,229,130164,44.13,24598.47,4.19,0.21,0.55,0.25,0.16,94.64
WILLIS,230,130152,44.12,24642.59,62.22,31.07,0.51,1.33,2.55,2.31
CARPENTER,231,129898,44.04,24686.63,86.21,8.49,0.57,0.68,1.87,2.18
LAWRENCE,232,129699,43.97,24730.6,68.87,24.65,0.74,0.93,2.3,2.5
SANDOVAL,233,128948,43.71,24774.31,5.29,0.21,0.55,1.77,0.25,91.93
GUERRERO,234,128677,43.62,24817.94,4.55,0.33,2.2,0.22,0.43,92.27
GEORGE,235,128625,43.6,24861.54,66.47,18.46,7.62,2.24,2.04,3.16
CHAPMAN,236,127939,43.37,24904.91,79.51,14.62,0.57,0.81,2.03,2.47
RIOS,237,127794,43.32,24948.24,4.99,0.44,0.43,0.32,0.22,93.61
ESTRADA,238,127470,43.21,24991.45,4.58,0.43,1.66,0.2,0.28,92.86
ORTEGA,239,127256,43.14,25034.59,4.77,0.29,1.15,0.43,0.25,93.11
WATKINS,240,127083,43.08,25077.67,62.03,32.27,0.42,0.64,2.56,2.09
GREENE,241,126101,42.75,25120.42,67.7,26.54,0.48,0.73,2.34,2.21
NUNEZ,242,125350,42.49,25162.92,5.28,0.67,0.83,0.26,0.23,92.72
WHEELER,243,125058,42.4,25205.31,80.96,13.29,0.5,0.93,1.97,2.35
VALDEZ,244,124995,42.37,25247.69,6.29,0.48,3.35,0.65,0.56,88.66
HARPER,245,124461,42.19,25289.88,67.9,26.22,0.49,0.72,2.36,2.31
BURKE,246,122877,41.66,25331.54,85.93,8.76,0.68,0.54,1.68,2.41
LARSON,247,122587,41.56,25373.09,94.79,0.49,0.74,0.62,1.41,1.95
SANTIAGO,248,122212,41.43,25414.52,5.41,1.31,4.5,0.14,0.58,88.06
MALDONADO,249,121526,41.2,25455.72,4.97,0.5,0.4,0.19,0.23,93.71
MORRISON,250,121130,41.06,25496.79,79.11,14.82,0.61,0.98,1.99,2.49
FRANKLIN,251,120621,40.89,25537.68,54.38,38.76,0.54,0.83,2.78,2.7
CARLSON,252,120552,40.87,25578.55,94.83,0.46,0.77,0.49,1.38,2.07
AUSTIN,253,119706,40.58,25619.13,67.47,26.01,0.61,0.8,2.34,2.78
DOMINGUEZ,254,119304,40.44,25659.57,5.04,0.38,1.03,0.25,0.21,93.09
CARR,255,119076,40.37,25699.94,73.61,20.82,0.49,0.59,2.08,2.41
LAWSON,256,119053,40.36,25740.3,73.84,20.74,0.43,0.65,2.15,2.2
JACOBS,257,118614,40.21,25780.51,74.28,16.71,0.59,3.75,2.16,2.52
OBRIEN,258,118557,40.19,25820.7,93.85,1.29,0.76,0.37,1.42,2.32
LYNCH,259,117708,39.9,25860.6,82.3,11.74,0.59,1.07,1.78,2.52
SINGH,260,116749,39.58,25900.18,4.29,4.48,82.77,1.15,4.81,2.5
VEGA,261,116673,39.55,25939.74,5.53,0.56,0.73,0.22,0.29,92.68
BISHOP,262,116618,39.53,25979.27,84.44,10.14,0.61,0.57,1.86,2.37
MONTGOMERY,263,115953,39.31,26018.58,67.86,26.23,0.59,0.61,2.37,2.35
OLIVER,264,115900,39.29,26057.87,64.19,27.45,0.68,0.74,2.43,4.52
JENSEN,265,115679,39.22,26097.09,93.97,0.44,0.73,0.82,1.4,2.64
HARVEY,266,115662,39.21,26136.3,68,25,0.52,1.71,2.25,2.52
WILLIAMSON,267,114959,38.97,26175.27,77.17,17.41,0.5,0.7,1.94,2.27
GILBERT,268,114940,38.97,26214.23,77.8,15.92,0.57,0.69,2.04,2.98
DEAN,269,114030,38.66,26252.89,76.61,16.82,1.06,0.68,2.2,2.63
SIMS,270,113374,38.43,26291.33,54.29,39.89,0.41,0.55,2.62,2.24
ESPINOZA,271,112154,38.02,26329.35,4.03,0.23,0.38,0.27,0.17,94.91
HOWELL,272,112041,37.98,26367.33,79.48,15.08,0.46,0.72,1.8,2.46
LI,273,111786,37.9,26405.23,1.49,0.19,96.78,0.02,0.89,0.63
WONG,274,111371,37.76,26442.98,3.48,0.79,86.49,0.04,5.2,4
REID,275,111360,37.75,26480.73,59.83,34.1,0.61,0.56,2.28,2.62
HANSON,276,111144,37.68,26518.41,92.11,2.85,0.7,0.67,1.55,2.11
LE,277,110967,37.62,26556.03,1.49,0.23,95.59,0.03,1.92,0.75
MCCOY,278,110744,37.54,26593.57,66.88,26.71,0.46,0.89,2.43,2.64
GARRETT,279,110697,37.53,26631.1,69.96,24.45,0.44,0.6,2.34,2.2
BURTON,280,110529,37.47,26668.57,67.32,27.06,0.53,0.51,2.25,2.34
FULLER,281,110116,37.33,26705.9,73.22,21.06,0.6,0.63,2.16,2.33
WANG,282,109883,37.25,26743.15,2.59,0.29,95.24,0.02,1.5,0.35
WEBER,283,109433,37.1,26780.25,94.29,1.29,0.63,0.36,1.25,2.18
WELCH,284,108987,36.95,26817.2,83.47,10.44,0.54,1.11,1.9,2.55
ROJAS,285,108421,36.76,26853.95,4.12,0.37,0.76,0.12,0.16,94.46
LUCAS,286,107690,36.51,26890.46,69.1,18.51,1.63,0.52,2.19,8.05
MARQUEZ,287,107533,36.45,26926.91,5.1,0.54,2.83,0.37,0.46,90.7
FIELDS,288,107522,36.45,26963.37,57.66,35.78,0.39,1.24,2.66,2.28
PARK,289,106696,36.17,26999.54,23.34,0.79,72.98,0.16,1.74,1
YANG,290,106033,35.95,27035.48,1.03,0.2,96.81,0.02,1.5,0.45
LITTLE,291,105936,35.91,27071.4,70.11,24.26,0.44,1.26,1.93,2.01
BANKS,292,105833,35.88,27107.27,39.27,54.51,0.36,0.43,2.98,2.45
PADILLA,293,105365,35.72,27142.99,6.15,0.4,2.1,0.79,0.41,90.16
DAY,294,105091,35.63,27178.62,83.08,10.44,1.02,1.08,1.97,2.4
WALSH,295,105079,35.62,27214.24,94.48,1.11,0.65,0.23,1.35,2.2
BOWMAN,296,105007,35.6,27249.84,80.82,13.62,0.48,0.8,2.05,2.23
SCHULTZ,297,104888,35.56,27285.4,94.81,0.7,0.59,0.41,1.28,2.22
LUNA,298,104518,35.43,27320.83,8.15,0.4,1.84,0.41,0.41,88.78
FOWLER,299,104515,35.43,27356.26,81.41,12.89,0.48,0.96,2.1,2.16
MEJIA,300,104057,35.28,27391.54,3.37,0.45,1.33,0.14,0.2,94.51
DAVIDSON,301,103930,35.23,27426.77,84.38,10.08,0.65,0.65,1.88,2.35
ACOSTA,302,103418,35.06,27461.83,6.96,0.62,2.26,0.26,0.43,89.48
BREWER,303,103318,35.03,27496.86,81.3,12.64,0.42,1.35,2.09,2.19
MAY,304,103306,35.02,27531.88,83.55,9.57,1.22,0.73,1.89,3.04
HOLLAND,305,102538,34.76,27566.64,76.77,17.67,0.46,0.57,2.16,2.37
JUAREZ,306,101949,34.56,27601.2,3.42,0.22,0.39,0.16,0.15,95.66
NEWMAN,307,101931,34.56,27635.75,83.03,11.08,0.61,0.69,1.99,2.6
PEARSON,308,101836,34.52,27670.28,72.14,22.51,0.56,0.41,2.14,2.24
CURTIS,309,101801,34.51,27704.79,77.9,15.84,0.53,1.03,2.13,2.57
CORTEZ,310,101694,34.47,27739.26,6,0.7,2.92,0.29,0.44,89.65
DOUGLAS,311,101458,34.39,27773.66,58.62,34.67,0.52,0.7,2.69,2.8
SCHNEIDER,312,101290,34.34,27808,95.35,0.43,0.59,0.27,1.2,2.16
JOSEPH,313,100959,34.23,27842.22,29.59,54.19,9.76,0.99,2.49,2.98
BARRETT,314,100104,33.94,27876.16,80.7,13.4,0.67,0.62,1.96,2.65
NAVARRO,315,99807,33.84,27909.99,6.66,0.38,4.04,0.23,0.55,88.14
FIGUEROA,316,98468,33.38,27943.38,4.93,0.84,1,0.15,0.26,92.82
KELLER,317,98268,33.31,27976.69,91.4,3.86,0.57,0.46,1.45,2.26
AVILA,318,97314,32.99,28009.68,7.02,0.43,1.11,0.23,0.26,90.96
WADE,319,97040,32.9,28042.58,64.94,29.08,0.47,0.74,2.44,2.34
MOLINA,320,96979,32.88,28075.45,5.82,0.51,2.28,0.64,0.42,90.32
STANLEY,321,96867,32.84,28108.29,78.79,15.1,0.74,1.16,1.95,2.27
HOPKINS,322,96810,32.82,28141.11,73.56,20.66,0.48,0.92,2.25,2.14
CAMPOS,323,96111,32.58,28173.69,7.11,0.39,1.38,0.21,0.39,90.52
BARNETT,324,95681,32.44,28206.13,76.44,17.47,0.43,0.9,2.2,2.56
BATES,325,95622,32.42,28238.55,75.35,18.9,0.55,0.76,2.03,2.41
CHAMBERS,326,94988,32.2,28270.75,65.7,28.5,0.45,0.58,2.29,2.47
CALDWELL,327,93944,31.85,28302.6,68.05,26.18,0.42,0.74,2.32,2.29
BECK,328,93786,31.79,28334.39,90.27,4.53,0.74,0.63,1.66,2.17
LAMBERT,329,93678,31.76,28366.15,83.66,9.88,0.59,1.3,1.77,2.79
MIRANDA,330,93628,31.74,28397.89,12.32,1.34,4.21,0.42,0.75,80.97
BYRD,331,92904,31.5,28429.38,59.01,34.59,0.36,1.3,2.64,2.11
CRAIG,332,92507,31.36,28460.74,79.03,15.15,0.61,0.78,2.06,2.37
AYALA,333,92463,31.35,28492.09,4.37,0.54,0.47,0.2,0.18,94.25
LOWE,334,92260,31.28,28523.37,73.04,19.35,1.68,0.96,2.41,2.56
FRAZIER,335,92152,31.24,28554.61,56.1,37.36,0.4,1.36,2.51,2.27
POWERS,336,91970,31.18,28585.78,89.6,5.15,0.65,0.55,1.65,2.39
NEAL,337,91694,31.08,28616.87,62.1,31.84,0.6,0.68,2.61,2.16
LEONARD,338,91475,31.01,28647.88,80.38,14.07,0.59,0.77,1.77,2.42
GREGORY,339,91384,30.98,28678.86,78.64,15.56,0.57,0.75,1.99,2.49
CARRILLO,340,91129,30.89,28709.75,5.13,0.24,0.68,0.36,0.24,93.33
SUTTON,341,90964,30.84,28740.59,72.77,21.7,0.48,0.68,2.24,2.13
FLEMING,342,90677,30.74,28771.33,71.71,22.76,0.62,0.52,2.21,2.19
RHODES,343,90670,30.74,28802.07,74.76,20.04,0.48,0.62,1.92,2.17
SHELTON,344,90517,30.69,28832.75,73.49,20.64,0.47,0.67,2.5,2.23
SCHWARTZ,345,90071,30.53,28863.29,95.93,0.44,0.57,0.21,0.96,1.89
NORRIS,346,89796,30.44,28893.73,79.88,14.41,0.52,0.94,2.04,2.2
JENNINGS,347,89700,30.41,28924.14,70.87,23.06,0.7,0.66,2.25,2.45
WATTS,348,89649,30.39,28954.53,68.62,25.52,0.48,0.77,2.35,2.26
DURAN,349,89401,30.31,28984.84,9.93,0.54,1.23,0.78,0.41,87.11
WALTERS,350,89376,30.3,29015.14,82.92,11.29,0.65,0.82,1.69,2.63
COHEN,351,89091,30.2,29045.34,88.89,5.97,0.66,0.11,1.08,3.29
MCDANIEL,352,88728,30.08,29075.42,76.18,18.35,0.43,0.64,2.05,2.35
MORAN,353,88615,30.04,29105.46,64.14,2.43,0.7,0.79,1.13,30.81
PARKS,354,88586,30.03,29135.49,69.39,24.91,0.59,0.67,2.38,2.06
STEELE,355,88230,29.91,29165.4,78.25,15.6,0.53,1.15,2.02,2.43
VAUGHN,356,88060,29.85,29195.25,71.52,22.67,0.44,0.75,2.34,2.27
BECKER,357,87859,29.78,29225.04,94.89,0.52,0.66,0.34,1.26,2.33
HOLT,358,87531,29.67,29254.71,79.38,14.85,0.57,0.87,2.24,2.1
DELEON,359,87414,29.63,29284.35,6.64,1.04,8.31,0.21,0.74,83.06
BARKER,360,87162,29.55,29313.9,86.48,7.83,0.68,0.65,1.92,2.44
TERRY,361,87000,29.49,29343.39,66.28,27.34,0.56,0.7,2.44,2.68
HALE,362,86618,29.36,29372.75,82.23,11.41,0.54,1.19,2.21,2.42
LEON,363,86363,29.28,29402.03,9.99,2.95,1.04,0.37,0.44,85.21
HAIL,364,86240,29.24,29431.27,73.14,21.6,0.37,0.53,2.09,2.27
BENSON,365,86081,29.18,29460.45,77.85,16.24,0.79,0.77,1.95,2.41
HAYNES,366,85974,29.15,29489.6,61.08,33.19,0.42,0.58,2.25,2.47
HORTON,367,85195,28.88,29518.48,69.99,24.3,0.52,0.69,2.27,2.23
MILES,368,84942,28.8,29547.27,61.33,32.35,0.49,0.78,2.61,2.44
LYONS,369,84516,28.65,29575.92,74.88,19.17,0.5,1.01,2.1,2.34
PHAM,370,84320,28.59,29604.51,0.9,0.2,96.33,0.03,1.81,0.72
GRAVES,371,84179,28.54,29633.05,69.64,24.19,0.48,0.71,2.38,2.6
BUSH,372,84018,28.48,29661.53,71.73,22.44,0.57,0.82,2.15,2.29
THORNTON,373,83967,28.47,29689.99,67.42,27.08,0.46,0.62,2.34,2.06
WOLFE,374,83928,28.45,29718.45,90.77,3.6,0.52,1.37,1.66,2.09
WARNER,375,83781,28.4,29746.85,84.22,10.24,0.65,0.61,1.87,2.41
CABRERA,376,83621,28.35,29775.2,4.47,0.41,3.52,0.12,0.45,91.02
MCKINNEY,377,83616,28.35,29803.54,68.84,25.18,0.4,0.88,2.37,2.34
MANN,378,83510,28.31,29831.85,80.39,9.9,3.61,1.32,2.12,2.66
ZIMMERMAN,379,83265,28.23,29860.08,93.84,2.32,0.52,0.3,1.18,1.85
DAWSON,380,83182,28.2,29888.28,68.3,25.88,0.64,0.57,2.29,2.33
LARA,381,83067,28.16,29916.44,5.67,0.37,1.14,0.3,0.24,92.28
FLETCHER,382,83063,28.16,29944.6,72.86,20.92,0.58,0.74,2.3,2.6
PAGE,383,82992,28.13,29972.73,75.12,18.93,0.66,0.65,2.02,2.62
MCCARTHY,384,82950,28.12,30000.86,92.29,3.25,0.68,0.27,1.27,2.24
LOVE,385,82873,28.09,30028.95,56.49,37.03,0.54,0.51,2.9,2.53
ROBLES,386,82458,27.95,30056.9,5.07,0.43,2.05,0.36,0.3,91.78
CERVANTES,387,82161,27.85,30084.76,3.31,0.16,0.91,0.18,0.14,95.31
SOLIS,388,82146,27.85,30112.6,5.14,0.4,1.61,0.18,0.24,92.43
ERICKSON,389,82085,27.83,30140.43,95.05,0.37,0.65,0.57,1.44,1.92
REEVES,390,81978,27.79,30168.22,77.31,16.52,0.57,0.77,2.12,2.71
CHANG,391,81939,27.78,30196,2.37,0.87,88.84,0.03,4.18,3.71
KLEIN,392,81471,27.62,30223.62,95.41,0.32,0.6,0.23,1.13,2.3
SALINAS,393,81156,27.51,30251.13,5.55,0.25,0.9,0.19,0.23,92.88
FUENTES,394,81006,27.46,30278.59,4.56,0.41,1.31,0.19,0.29,93.24
BALDWIN,395,80742,27.37,30305.97,76.87,17.25,0.52,0.93,1.99,2.43
DANIEL,396,80526,27.3,30333.27,62.84,25.56,3.16,0.69,2.15,5.59
SIMON,397,80460,27.28,30360.54,65.09,22.51,2.75,0.67,1.93,7.06
VELASQUEZ,398,80364,27.24,30387.79,4.75,0.66,1.71,0.43,0.24,92.22
HARDY,399,80252,27.21,30414.99,61.47,32.34,0.5,1.2,2.27,2.22
HIGGINS,400,79803,27.05,30442.05,83.91,10.77,0.56,0.56,1.9,2.3
AGUIRRE,401,79517,26.96,30469,5.1,0.25,1.25,0.2,0.25,92.94
LIN,402,79508,26.95,30495.96,1.7,0.18,95.85,0.02,1.77,0.47
CUMMINGS,403,79316,26.89,30522.85,72.52,19.66,0.72,2.33,2.32,2.45
CHANDLER,404,79186,26.84,30549.69,74.49,19.63,0.6,0.68,2.2,2.4
SHARP,405,78990,26.78,30576.47,83.57,10.56,0.59,1.02,1.94,2.33
BARBER,406,78848,26.73,30603.2,75.48,18.38,0.64,1.02,2.08,2.39
BOWEN,407,78822,26.72,30629.92,82.08,11.96,0.55,0.68,2.01,2.71
OCHOA,408,78677,26.67,30656.59,4.53,0.29,0.54,0.36,0.18,94.09
DENNIS,409,78482,26.61,30683.2,65.6,27.84,0.6,0.79,2.29,2.88
ROBBINS,410,78381,26.57,30709.77,87.57,7.24,0.49,0.91,1.72,2.06
LIU,411,78370,26.57,30736.34,1.79,0.17,95.62,0.02,1.86,0.54
RAMSEY,412,78350,26.56,30762.9,77.84,16.51,0.46,0.7,2.02,2.46
FRANCIS,413,78327,26.55,30789.45,59.48,30.3,2,2.07,2.37,3.78
GRIFFITH,414,78260,26.53,30815.98,83.93,10.4,0.55,0.67,1.88,2.56
PAUL,415,78256,26.53,30842.51,66.99,20.13,6.25,2.05,1.92,2.67
BLAIR,416,78026,26.45,30868.96,79.4,14.67,0.55,0.67,2.18,2.53
OCONNOR,417,77923,26.42,30895.38,92.81,2.12,0.75,0.33,1.37,2.61
CARDENAS,418,77652,26.32,30921.7,4.59,0.28,1.02,0.2,0.21,93.7
PACHECO,419,77642,26.32,30948.02,15.32,0.57,1.16,0.72,0.81,81.43
CROSS,420,77557,26.29,30974.32,75.47,18.28,0.57,0.91,2.25,2.52
CALDERON,421,77085,26.13,31000.45,4.95,0.56,1.53,0.16,0.25,92.55
QUINN,422,76986,26.1,31026.55,86.23,8.34,0.69,0.47,1.63,2.64
MOSS,423,76908,26.07,31052.62,69.73,24.71,0.48,0.68,2.12,2.28
SWANSON,424,76897,26.07,31078.69,90.41,4.8,0.7,0.46,1.53,2.1
CHAN,425,76664,25.99,31104.68,2.75,0.75,89.32,0.05,2.54,4.58
RIVAS,426,76205,25.83,31130.51,4.88,0.59,0.41,0.28,0.17,93.67
KHAN,427,76171,25.82,31156.34,6.89,3.86,81.25,0.54,5.27,2.2
RODGERS,428,76095,25.8,31182.13,70.15,23.84,0.46,0.64,2.22,2.69
SERRANO,429,75996,25.76,31207.9,5.62,0.7,2.9,0.13,0.31,90.34
FITZGERALD,430,75356,25.55,31233.44,86.32,8.82,0.67,0.31,1.65,2.22
ROSALES,431,75185,25.49,31258.93,3.63,0.3,2.39,0.21,0.26,93.21
STEVENSON,432,75169,25.48,31284.41,63.44,30.19,0.63,0.54,2.5,2.7
CHRISTENSEN,433,75143,25.47,31309.89,94.42,0.36,0.73,0.6,1.51,2.38
MANNING,434,74949,25.41,31335.29,73.9,20.34,0.56,0.81,2.03,2.36
GILL,435,74948,25.41,31360.7,65.23,13.96,13.43,0.59,2.06,4.74
CURRY,436,74919,25.4,31386.1,59.18,34.93,0.49,0.47,2.41,2.52
MCLAUGHLIN,437,74816,25.36,31411.46,87.99,7.08,0.58,0.53,1.44,2.38
HARMON,438,74737,25.34,31436.8,77.26,17.02,0.53,0.73,2.12,2.34
MCGEE,439,74542,25.27,31462.07,62.25,31.53,0.45,0.73,2.72,2.32
GROSS,440,74503,25.26,31487.33,84.87,10.34,0.52,0.34,1.48,2.45
DOYLE,441,74458,25.24,31512.57,89.12,5.66,0.66,0.49,1.68,2.39
GARNER,442,74324,25.2,31537.77,71.71,22.82,0.48,0.54,2.11,2.34
NEWTON,443,74092,25.12,31562.88,75.66,18.42,0.62,0.68,2.05,2.56
BURGESS,444,73931,25.06,31587.95,75.35,18.67,0.63,0.95,2.21,2.17
REESE,445,73919,25.06,31613.01,66.05,28.24,0.44,0.58,2.07,2.62
WALTON,446,73854,25.04,31638.04,60.37,34.2,0.4,0.51,2.39,2.13
BLAKE,447,73797,25.02,31663.06,71.21,22.58,0.56,0.84,2.14,2.68
TRUJILLO,448,73664,24.97,31688.03,8.39,0.21,0.29,1.63,0.35,89.14
ADKINS,449,73599,24.95,31712.98,87.2,8.02,0.38,0.84,1.83,1.72
BRADY,450,73145,24.8,31737.78,87.28,6.89,0.56,0.96,1.65,2.66
GOODMAN,451,73136,24.79,31762.57,78.33,15.83,0.57,1,1.84,2.43
ROMAN,452,72918,24.72,31787.29,20.79,1.86,0.97,0.2,0.51,75.67
WEBSTER,453,72625,24.62,31811.91,73.5,19.75,0.62,1.38,2.25,2.51
GOODWIN,454,72451,24.56,31836.48,77.04,17.22,0.5,0.86,2.08,2.3
FISCHER,455,72357,24.53,31861,94.34,0.87,0.61,0.4,1.22,2.56
HUANG,456,72328,24.52,31885.52,0.9,0.11,97.14,0.02,1.42,0.4
POTTER,457,72175,24.47,31909.99,89.07,5.13,0.56,0.78,1.96,2.5
DELACRUZ,458,72109,24.45,31934.44,3.86,0.4,16.77,0.19,1.54,77.24
MONTOYA,459,71844,24.36,31958.79,8.65,0.26,0.87,1.4,0.38,88.44
TODD,460,71759,24.33,31983.12,80.77,13.58,0.51,0.68,2.11,2.34
WU,461,71721,24.31,32007.43,1.37,0.18,96.37,0.02,1.59,0.48
HINES,462,71717,24.31,32031.75,57.72,36.73,0.49,0.49,2.31,2.25
MULLINS,463,71646,24.29,32056.04,88.75,6.86,0.36,0.52,1.78,1.74
CASTANEDA,464,71368,24.19,32080.23,4.11,0.22,1.79,0.2,0.25,93.42
MALONE,465,71286,24.17,32104.4,67.31,26.77,0.56,0.71,2.19,2.46
CANNON,466,71085,24.1,32128.49,69.78,24.5,0.5,0.54,2.26,2.42
TATE,467,71058,24.09,32152.58,55.59,38.34,0.61,0.84,2.5,2.12
MACK,468,71056,24.09,32176.67,44.76,49.06,0.7,0.53,2.59,2.37
SHERMAN,469,70502,23.9,32200.57,82.74,11.57,0.63,0.98,1.75,2.33
HUBBARD,470,70362,23.85,32224.43,71.05,23.15,0.45,0.9,2.3,2.15
HODGES,471,70223,23.81,32248.23,73.41,20.9,0.48,0.56,2.08,2.57
ZHANG,472,70125,23.77,32272,0.99,0.16,98.06,0.02,0.62,0.15
GUERRA,473,70071,23.75,32295.76,11.26,0.8,0.58,0.5,0.28,86.59
WOLF,474,70031,23.74,32319.5,93.67,1.07,0.61,1.05,1.46,2.16
VALENCIA,475,70000,23.73,32343.23,5.32,0.5,3.28,1.21,0.46,89.23
SAUNDERS,476,69943,23.71,32366.94,67.39,26.12,0.57,0.72,2.57,2.62
FRANCO,476,69943,23.71,32390.65,15.82,0.63,1.74,0.32,0.5,81
ROWE,478,69879,23.69,32414.34,79.26,15.06,0.64,0.57,2,2.47
GALLAGHER,479,69834,23.67,32438.02,94.62,0.69,0.64,0.3,1.26,2.5
FARMER,480,69617,23.6,32461.62,77.16,17.45,0.47,1.05,1.82,2.07
HAMMOND,481,69515,23.57,32485.18,78.23,16.09,0.64,0.69,2.16,2.19
HAMPTON,482,69472,23.55,32508.73,53.7,40.3,0.4,0.72,2.67,2.21
TOWNSEND,483,69360,23.51,32532.25,67.7,26.42,0.47,0.79,2.25,2.38
INGRAM,484,69345,23.51,32555.76,61.45,32.98,0.36,0.54,2.25,2.42
WISE,485,68649,23.27,32579.03,78.63,15.55,0.58,0.71,2.14,2.38
GALLEGOS,486,68373,23.18,32602.21,7.66,0.19,0.47,0.49,0.29,90.89
CLARKE,487,68281,23.15,32625.36,61.02,32.1,0.63,0.38,2.32,3.56
BARTON,488,68233,23.13,32648.49,85.11,7.96,0.59,1.31,1.91,3.12
SCHROEDER,489,67977,23.04,32671.53,95.36,0.32,0.59,0.49,1.13,2.11
MAXWELL,490,67961,23.04,32694.57,73.22,20.63,0.61,0.64,2.16,2.74
WATERS,491,67929,23.03,32717.6,73.39,20.68,0.56,0.85,2.13,2.39
LOGAN,492,67909,23.02,32740.62,64.8,27.3,0.71,1.08,2.89,3.21
CAMACHO,493,67893,23.02,32763.64,6.09,0.57,2.9,0.16,0.71,89.56
STRICKLAND,494,67769,22.97,32786.61,76.23,17.16,0.46,2.15,2.04,1.97
NORMAN,495,67704,22.95,32809.56,68.97,25.07,0.63,0.63,2.25,2.44
PERSON,496,67411,22.85,32832.42,45.58,34.51,4.14,1.12,1.78,12.88
COLON,497,67338,22.83,32855.24,7.58,1.89,0.31,0.14,0.33,89.75
PARSONS,498,67310,22.82,32878.06,91.09,3.6,0.6,0.67,1.75,2.27
FRANK,499,67304,22.82,32900.88,84.54,7.96,0.99,2.23,1.6,2.68
HARRINGTON,500,66959,22.7,32923.58,82.01,12.38,0.72,0.64,1.84,2.41
GLOVER,501,66858,22.67,32946.24,52.58,41.73,0.51,0.48,2.45,2.24
OSBORNE,502,66827,22.65,32968.9,82.28,12.39,0.5,0.65,1.97,2.22
BUCHANAN,503,66648,22.59,32991.49,77.4,17,0.59,0.57,2.01,2.43
CASEY,504,66556,22.56,33014.06,86.89,7.47,0.66,0.7,1.88,2.41
FLOYD,505,66454,22.53,33036.58,65.41,29.21,0.41,0.68,2.3,2
PATTON,506,66293,22.47,33059.06,73.05,20.9,0.49,0.88,2.25,2.44
IBARRA,507,66063,22.4,33081.45,2.95,0.15,1.24,0.12,0.23,95.32
BALL,508,66059,22.39,33103.85,82.32,12,0.96,0.58,1.78,2.35
TYLER,509,66056,22.39,33126.24,61.96,30.99,0.54,1.35,2.7,2.46
SUAREZ,510,66013,22.38,33148.62,6.79,0.57,2.11,0.14,0.27,90.12
BOWERS,511,66003,22.38,33171,83.4,11.53,0.47,0.6,1.73,2.27
OROZCO,512,65904,22.34,33193.34,3.4,0.17,0.39,0.15,0.12,95.76
SALAS,513,65468,22.19,33215.53,6.46,0.38,2.05,0.31,0.58,90.22
COBB,514,65125,22.08,33237.61,69.98,24.79,0.44,0.64,2.13,2.02
GIBBS,515,65064,22.06,33259.67,65.85,28.29,0.49,0.69,2.25,2.42
ANDRADE,516,65037,22.05,33281.72,15.43,3.24,1.62,0.26,1.26,78.19
BAUER,517,65004,22.04,33303.75,95.1,0.39,0.59,0.38,1.17,2.38
CONNER,518,64572,21.89,33325.64,78.57,16.17,0.47,0.57,2.02,2.2
MOODY,519,64429,21.84,33347.48,71.27,22.86,0.44,0.76,1.95,2.71
ESCOBAR,520,64403,21.83,33369.32,5.17,0.41,1.55,0.18,0.26,92.44
MCGUIRE,521,64327,21.81,33391.12,88,6.33,0.65,0.56,1.86,2.61
LLOYD,522,64202,21.76,33412.89,72.59,22.11,0.55,0.44,2.03,2.29
MUELLER,523,64191,21.76,33434.65,95.66,0.31,0.64,0.24,1.14,2.02
HARTMAN,524,64106,21.73,33456.38,93.86,1.62,0.65,0.45,1.29,2.13
FRENCH,525,63991,21.69,33478.08,85.75,8.1,0.66,1.11,1.92,2.45
KRAMER,526,63936,21.67,33499.75,95.35,0.34,0.61,0.25,1.24,2.21
MCBRIDE,527,63899,21.66,33521.41,74.28,19.88,0.44,0.8,2.02,2.57
POPE,528,63881,21.66,33543.07,70.83,23.77,0.47,0.61,2.13,2.19
LINDSEY,529,63760,21.62,33564.68,67.78,25.72,0.79,0.68,2.73,2.31
VELAZQUEZ,530,63736,21.61,33586.29,3.26,0.44,0.12,0.12,0.11,95.95
NORTON,531,63722,21.6,33607.89,87.84,6.55,0.55,1.19,1.75,2.12
MCCORMICK,532,63649,21.58,33629.47,87.33,7.59,0.57,0.42,1.61,2.48
SPARKS,533,63440,21.51,33650.98,84.22,10.43,0.42,0.74,1.99,2.21
FLYNN,534,63400,21.49,33672.47,91.91,3.07,0.66,0.6,1.5,2.26
YATES,535,63254,21.44,33693.91,80.58,14.07,0.49,0.54,2.07,2.25
HOGAN,536,63085,21.39,33715.3,80.12,14.44,0.53,0.61,1.84,2.46
MARSH,537,62304,21.12,33736.42,82.74,12.04,0.54,0.57,1.9,2.22
MACIAS,538,62227,21.1,33757.52,4.92,0.17,0.4,0.21,0.16,94.14
VILLANUEVA,539,61883,20.98,33778.5,4.25,0.43,12.29,0.26,1.01,81.77
ZAMORA,540,61729,20.93,33799.42,5.38,0.31,2.52,0.26,0.33,91.21
PRATT,541,61671,20.91,33820.33,78.04,15.69,0.62,1,2.02,2.63
STOKES,542,61639,20.9,33841.23,58.27,36,0.36,0.45,2.39,2.52
OWEN,543,61630,20.89,33862.12,91.78,2.37,0.73,0.87,1.71,2.54
BALLARD,544,61625,20.89,33883.01,75.26,19.17,0.42,0.82,2.09,2.23
LANG,545,61529,20.86,33903.87,81.36,10.38,3.31,0.59,1.84,2.52
BROCK,546,61369,20.8,33924.67,83.03,11.74,0.46,0.76,1.98,2.02
VILLARREAL,547,61355,20.8,33945.47,6.45,0.23,0.19,0.15,0.13,92.85
CHARLES,548,61211,20.75,33966.22,33.69,52.96,1.01,2.07,2.37,7.9
DRAKE,549,61162,20.73,33986.96,79.55,14.92,0.52,0.62,2.04,2.34
BARRERA,550,60998,20.68,34007.64,5.01,0.27,1.14,0.2,0.21,93.18
CAIN,551,60948,20.66,34028.3,77.21,17,0.75,0.6,2.11,2.33
PATRICK,552,60845,20.63,34048.93,73.73,20.35,0.73,1.03,2.01,2.15
PINEDA,553,60820,20.62,34069.54,3.29,0.32,5.28,0.12,0.32,90.67
BURNETT,554,60791,20.61,34090.15,69.91,24.06,0.41,0.74,2.52,2.36
MERCADO,555,60761,20.6,34110.75,5.24,0.58,6.85,0.14,0.63,86.55
SANTANA,556,60667,20.57,34131.32,6.13,1.31,0.54,0.11,0.33,91.59
SHEPHERD,557,60479,20.5,34151.82,78.64,15.94,0.54,0.89,1.95,2.04
BAUTISTA,558,60264,20.43,34172.25,3.16,0.27,18.23,0.28,1.27,76.8
ALI,559,60002,20.34,34192.59,17.33,30.71,42.91,0.51,5.66,2.87
SHAFFER,560,59943,20.32,34212.91,93.08,2.54,0.55,0.4,1.5,1.92
LAMB,561,59913,20.31,34233.22,86.1,8.62,0.7,0.54,1.73,2.29
TREVINO,562,59882,20.3,34253.52,7.83,0.29,0.2,0.4,0.22,91.06
MCKENZIE,563,59595,20.2,34273.73,64.64,28.63,0.69,0.74,2.28,3.03
HESS,564,59486,20.17,34293.89,94.63,0.93,0.55,0.53,1.38,1.98
BEIL,565,59463,20.16,34314.05,62.1,32.08,0.34,0.87,2.29,2.33
OLSEN,566,59356,20.12,34334.17,93.69,0.34,0.77,0.76,1.79,2.65
COCHRAN,567,59350,20.12,34354.29,85.29,9.05,0.5,1.24,1.67,2.24
MORTON,568,59213,20.07,34374.37,74,19.74,0.66,0.86,2.29,2.45
NASH,569,58714,19.9,34394.27,69.34,24.62,0.53,0.8,2.43,2.29
WILKINS,570,58634,19.88,34414.15,63.09,30.56,0.43,0.89,2.36,2.66
PETERSEN,571,58480,19.83,34433.97,93.42,1.33,0.76,0.44,1.55,2.51
BRIGGS,572,58408,19.8,34453.78,75.92,18.56,0.51,0.67,2.1,2.24
SHAH,573,58287,19.76,34473.54,3.59,0.94,91.74,0.34,2.7,0.7
ROTH,574,58278,19.76,34493.29,94.86,0.5,0.9,0.29,1.19,2.27
NICHOLSON,575,58151,19.71,34513.01,74.25,19.89,0.54,0.62,2.15,2.54
HOLLOWAY,576,58040,19.68,34532.68,58.27,36.07,0.4,0.61,2.53,2.12
LOZANO,577,57779,19.59,34552.27,5.96,0.29,1.55,0.2,0.26,91.73
RANGEL,578,57549,19.51,34571.78,6.01,0.29,0.28,0.22,0.18,93.02
FLOWERS,578,57549,19.51,34591.29,53.12,40.28,0.4,0.63,2.8,2.77
HOOVER,580,57497,19.49,34610.78,92.03,3.37,0.59,0.64,1.5,1.87
SHORT,581,57477,19.49,34630.26,84.12,10.24,0.59,0.86,2.01,2.18
ARIAS,581,57477,19.49,34649.75,5.12,0.4,1.06,0.14,0.21,93.07
MORA,583,57464,19.48,34669.23,7.38,0.45,1.07,0.26,0.26,90.59
VALENZUELA,584,57383,19.45,34688.68,4.95,0.21,2.4,1.67,0.4,90.36
BRYAN,585,57143,19.37,34708.06,81.33,11.79,0.64,0.63,1.77,3.83
MEYERS,586,57127,19.37,34727.42,89.78,4.64,0.76,0.62,1.82,2.38
WEISS,587,57112,19.36,34746.78,95.58,0.38,0.65,0.2,0.95,2.24
UNDERWOOD,588,57064,19.35,34766.13,79.2,15.03,0.48,1.09,2.03,2.17
BASS,589,57044,19.34,34785.47,69.18,24.53,0.49,0.77,2.31,2.72
GREER,590,57043,19.34,34804.8,73.3,21.33,0.49,0.45,2.07,2.36
SUMMERS,591,56953,19.31,34824.11,78.93,14.8,0.54,1.1,2.29,2.34
HOUSTON,592,56900,19.29,34843.4,52.07,41.49,0.5,0.63,2.81,2.51
CARSON,593,56872,19.28,34862.68,72.25,21.67,0.61,0.78,2.28,2.41
MORROW,594,56840,19.27,34881.95,79.85,14.72,0.52,0.72,2.04,2.15
CLAYTON,595,56638,19.2,34901.15,69.14,25.47,0.45,0.53,2.23,2.18
WHITAKER,596,56616,19.19,34920.34,70.71,24.33,0.46,0.45,2.02,2.03
DECKER,597,56576,19.18,34939.52,93.96,0.9,0.51,0.58,1.61,2.45
YODER,598,56410,19.12,34958.65,97.77,0.19,0.23,0.15,0.73,0.93
COLLIER,599,56380,19.11,34977.76,66.97,27.39,0.47,0.6,2.41,2.15
ZUNIGA,600,56347,19.1,34996.86,4.45,0.48,0.75,0.23,0.16,93.92
CAREY,601,56322,19.09,35015.96,80.9,13.52,0.6,0.67,2.05,2.25
WILCOX,602,56286,19.08,35035.04,83.89,10.42,0.56,0.78,1.87,2.48
MELENDEZ,603,56230,19.06,35054.1,4.96,0.99,0.48,0.22,0.26,93.08
POOLE,604,56226,19.06,35073.16,72.56,22.71,0.48,0.42,1.97,1.85
ROBERSON,605,56180,19.05,35092.21,51.34,42.78,0.38,0.52,2.74,2.23
LARSEN,606,55960,18.97,35111.18,94.16,0.51,0.75,0.7,1.5,2.37
CONLEY,607,55917,18.96,35130.13,79.78,15.39,0.42,0.55,2.02,1.85
DAVENPORT,608,55895,18.95,35149.08,71.76,22.32,0.49,0.69,2.38,2.36
COPELAND,609,55850,18.93,35168.02,65.85,28.28,0.46,0.71,2.39,2.31
MASSEY,610,55595,18.85,35186.86,73.18,20.42,1.06,1.07,1.96,2.32
LAM,611,55554,18.83,35205.7,6.84,0.57,87.99,0.05,1.99,2.56
HUFF,612,55484,18.81,35224.51,81.37,13.41,0.52,0.7,1.88,2.11
ROCHA,613,55251,18.73,35243.24,16.45,0.83,0.8,0.34,0.49,81.08
CAMERON,614,55240,18.73,35261.96,75.52,17.86,0.66,0.73,2.09,3.14
JEFFERSON,615,55179,18.71,35280.67,17.45,74.24,0.4,1.9,3.54,2.47
HOOD,616,55174,18.7,35299.37,74.07,20.16,0.52,1,2.07,2.18
MONROE,617,55136,18.69,35318.07,62.88,29.27,0.5,1.53,2.53,3.28
ANTHONY,618,55114,18.68,35336.75,59.82,31.93,1.53,0.62,2.29,3.82
PITTMAN,619,55021,18.65,35355.4,63.55,31.31,0.36,0.65,2.14,1.99
HUYNH,620,54996,18.64,35374.05,0.82,0.09,96.68,0.02,1.72,0.67
RANDALL,621,54764,18.57,35392.61,74.65,19.07,0.64,1.16,2.17,2.3
SINGLETON,622,54621,18.52,35411.13,45.91,48.62,0.38,0.41,2.48,2.2
KIRK,623,54394,18.44,35429.57,82.37,10.56,1.29,1.38,2.06,2.34
COMBS,624,54257,18.39,35447.96,86.08,9.13,0.45,0.57,1.86,1.91
MATHIS,625,54217,18.38,35466.34,61.94,32.65,0.29,0.59,2.2,2.33
CHRISTIAN,626,54198,18.37,35484.71,66.41,24.57,2.33,0.59,2.49,3.62
SKINNER,627,54046,18.32,35503.04,79.34,15.03,0.48,0.66,1.96,2.53
BRADFORD,628,54015,18.31,35521.35,64.77,29.1,0.51,0.64,2.48,2.5
RICHARD,629,53893,18.27,35539.62,70.35,23.46,0.9,0.57,1.97,2.75
GALVAN,630,53822,18.25,35557.86,6.06,0.27,0.8,0.38,0.23,92.26
WALL,631,53794,18.24,35576.1,86.1,8.21,0.75,0.81,1.81,2.31
BOONE,632,53792,18.24,35594.34,62.39,31.01,0.52,1.38,2.36,2.35
KIRBY,633,53767,18.23,35612.56,85.9,9.16,0.5,0.73,1.78,1.93
WILKINSON,634,53739,18.22,35630.78,88.16,6.52,0.63,0.61,1.74,2.36
BRIDGES,635,53682,18.2,35648.98,67.71,27.05,0.46,0.52,2.16,2.1
BRUCE,636,53419,18.11,35667.09,77.35,15.89,0.74,1.13,2.2,2.7
ATKINSON,637,53376,18.09,35685.18,79.31,13.96,0.55,0.55,1.73,3.9
VELEZ,638,53265,18.06,35703.24,6.8,0.92,0.88,7.0000000000000007E-2,0.3,91.03
MEZA,639,53230,18.05,35721.29,3.73,0.26,0.18,0.18,0.11,95.53
ROY,640,53159,18.02,35739.31,75.2,9.04,9.69,1.54,1.96,2.57
VINCENT,641,53095,18,35757.31,78.93,13.95,1.4,0.63,1.97,3.12
YORK,642,53059,17.99,35775.3,85.81,8.04,0.9,1,1.97,2.28
HODGE,643,52920,17.94,35793.24,68.67,24.92,0.43,0.65,2.43,2.9
VILLA,644,52817,17.91,35811.14,8.08,0.39,2.06,0.31,0.42,88.74
ABBOTT,645,52739,17.88,35829.02,89.5,4.89,0.65,0.66,1.78,2.53
ALLISON,646,52701,17.87,35846.89,80.72,13.1,0.57,1.34,1.99,2.28
TAPIA,647,52651,17.85,35864.74,4.85,0.29,0.71,0.4,0.22,93.54
GATES,648,52569,17.82,35882.56,75.04,19.13,0.62,0.76,2.06,2.38
CHASE,649,52481,17.79,35900.35,81.84,11.39,0.72,1.47,2.07,2.5
SOSA,650,52457,17.78,35918.13,5.1,0.52,0.72,0.18,0.16,93.31
SWEENEY,651,52410,17.77,35935.9,90.6,4.76,0.56,0.39,1.3,2.38
FARRELL,652,52321,17.74,35953.64,89.88,4.78,0.73,0.54,1.41,2.65
WYATT,653,52211,17.7,35971.34,75.71,18.63,0.42,0.67,2.07,2.49
DALTON,654,52184,17.69,35989.03,86.84,7.71,0.57,0.67,1.87,2.32
HORN,655,52138,17.68,36006.7,85.15,8.65,0.98,1.18,1.82,2.22
BARRON,656,52070,17.65,36024.35,46.37,8.83,0.7,0.39,1.18,42.52
PHELPS,657,52044,17.64,36042,85.1,9.68,0.52,0.6,1.82,2.29
YU,658,52035,17.64,36059.64,1.46,0.12,96.1,0.02,1.61,0.69
DICKERSON,659,51889,17.59,36077.23,62.97,31.57,0.43,0.42,2.52,2.09
HEATH,660,51877,17.59,36094.81,80.3,14.38,0.51,0.77,1.8,2.24
FOLEY,661,51865,17.58,36112.4,92.05,3.31,0.73,0.3,1.51,2.1
ATKINS,662,51671,17.52,36129.91,67.62,26.67,0.5,0.59,2.4,2.21
MATHEWS,663,51592,17.49,36147.4,74.63,15.36,4.24,0.73,2.21,2.83
BONILLA,664,51475,17.45,36164.85,4.48,0.7,1.17,0.17,0.25,93.23
ACEVEDO,665,51351,17.41,36182.26,5.11,0.6,0.42,0.16,0.17,93.54
BENITEZ,666,51288,17.39,36199.65,3.76,0.5,1.59,0.09,0.19,93.86
ZAVALA,667,51153,17.34,36216.99,3.29,0.2,0.18,0.09,0.12,96.13
HENSLEY,668,51081,17.32,36234.31,92.83,1.88,0.47,0.98,1.79,2.06
GLENN,669,51043,17.3,36251.61,61.41,32.78,0.48,0.63,2.39,2.32
CISNEROS,670,50920,17.26,36268.87,4.58,0.2,0.2,0.12,0.17,94.73
HARRELL,671,50837,17.23,36286.11,66.08,28.84,0.35,0.51,2.2,2.01
SHIELDS,672,50832,17.23,36303.34,75.83,18.5,0.64,0.95,1.9,2.18
RUBIO,673,50788,17.22,36320.56,5.35,0.28,1.8,0.27,0.25,92.04
HUFFMAN,674,50786,17.22,36337.77,91.2,4.31,0.46,0.47,1.64,1.91
CHOI,674,50786,17.22,36354.99,1.57,0.31,96.09,0.01,1.49,0.54
BOYER,676,50742,17.2,36372.19,88.78,5.45,0.62,0.61,1.86,2.68
GARRISON,677,50686,17.18,36389.38,83.09,11.02,0.5,0.83,2.09,2.48
ARROYO,678,50614,17.16,36406.53,4.62,0.63,1.06,0.13,0.24,93.31
BOND,679,50610,17.16,36423.69,75.91,17.88,0.58,0.85,2.34,2.43
KANE,680,50584,17.15,36440.84,89.08,4.57,1.67,0.47,1.77,2.43
HANCOCK,681,50558,17.14,36457.98,87.33,7.65,0.48,0.61,1.7,2.23
CALLAHAN,682,50524,17.13,36475.11,89.8,5.28,0.6,0.53,1.55,2.23
DILLON,683,50465,17.11,36492.22,84.36,9.7,0.72,0.98,1.65,2.58
CLINE,684,50258,17.04,36509.25,92.86,2.15,0.51,0.87,1.61,2
WIGGINS,685,50247,17.03,36526.29,54.67,39.64,0.33,0.65,2.37,2.33
GRIMES,686,50245,17.03,36543.32,74.91,19.49,0.39,0.58,2.18,2.45
ARELLANO,687,50104,16.99,36560.31,4.49,0.1,2.61,0.28,0.39,92.12
MELTON,688,50069,16.97,36577.28,79.76,14.2,0.51,1.06,2.12,2.34
ONEILL,689,50028,16.96,36594.24,92.67,0.94,0.77,0.27,1.36,3.99
SAVAGE,690,49914,16.92,36611.16,74.84,19.57,0.5,0.8,2.07,2.22
HO,691,49817,16.89,36628.05,2.42,0.2,93.06,0.03,3.21,1.08
BELTRAN,692,49776,16.87,36644.92,4.94,0.38,3.34,0.16,0.32,90.85
PITTS,693,49740,16.86,36661.79,63.23,31.35,0.46,0.51,2.33,2.12
PARRISH,694,49733,16.86,36678.65,80.21,14.18,0.49,1.26,1.84,2.01
PONCE,695,49549,16.8,36695.44,5.13,0.38,2.03,0.21,0.36,91.89
RICH,696,49481,16.77,36712.22,85.2,9.29,0.67,0.56,1.87,2.41
BOOTH,697,49402,16.75,36728.97,83.38,10.84,0.63,1.05,1.76,2.34
KOCH,698,49395,16.75,36745.71,95.29,0.26,0.73,0.29,1.12,2.3
GOLDEN,699,49360,16.73,36762.44,74.7,19.85,0.54,0.61,2.02,2.28
WARE,700,49316,16.72,36779.16,48.69,44.88,0.47,0.82,2.75,2.39
BRENNAN,701,49238,16.69,36795.85,94.56,0.8,0.83,0.24,1.26,2.32
MCDOWELL,702,49217,16.68,36812.54,69.7,24.86,0.48,0.62,2.09,2.25
MARKS,703,49177,16.67,36829.21,79.93,13.99,0.73,0.9,1.91,2.53
CANTU,704,49126,16.65,36845.86,7.85,0.62,0.2,0.23,0.21,90.89
HUMPHREY,705,49056,16.63,36862.5,71.31,23.21,0.45,0.67,2.1,2.26
BAXTER,706,49033,16.62,36879.12,80.37,13.87,0.6,0.63,2.07,2.47
SAWYER,707,49028,16.62,36895.74,80.83,13.62,0.71,0.57,1.99,2.29
CLAY,708,48844,16.56,36912.3,52.74,40.5,0.49,0.94,2.9,2.43
TANNER,709,48813,16.55,36928.84,82.75,10.94,0.63,1.14,2.21,2.32
HUTCHINSON,710,48781,16.54,36945.38,75.38,18.49,0.71,0.72,2.2,2.51
KAUR,711,48753,16.53,36961.91,1.13,0.27,96.09,0.64,1.5,0.37
BERG,712,48746,16.53,36978.43,94.69,0.35,0.73,0.47,1.44,2.32
WILEY,713,48720,16.52,36994.95,65.71,28.68,0.46,0.64,2.28,2.23
GILMORE,714,48719,16.52,37011.47,65.41,28.06,0.52,0.87,2.55,2.59
RUSSO,715,48696,16.51,37027.98,93.85,0.43,0.5,0.14,0.94,4.14
VILLEGAS,716,48599,16.48,37044.45,3.97,0.29,3.24,0.24,0.39,91.88
HOBBS,717,48522,16.45,37060.9,79.07,15.54,0.38,0.81,1.96,2.25
KEITH,718,48487,16.44,37077.34,79.32,14.52,0.67,1.08,2.13,2.28
WILKERSON,719,48444,16.42,37093.76,64.68,29.39,0.45,0.61,2.59,2.27
AHMED,720,48319,16.38,37110.14,15.69,22.02,56.54,0.36,3.96,1.44
BEARD,721,48207,16.34,37126.48,74.91,19.61,0.45,0.67,1.99,2.38
MCCLAIN,722,48165,16.33,37142.81,61.11,33.1,0.36,0.49,2.57,2.37
MONTES,723,48142,16.32,37159.13,5.46,0.65,0.79,0.3,0.22,92.58
MATA,724,48120,16.31,37175.45,5.86,0.33,2.58,0.34,0.5,90.39
ROSARIO,725,48051,16.29,37191.73,5.73,1.8,4.51,0.1,0.82,87.02
VANG,726,48036,16.28,37208.02,1.37,(S),96.7,(S),1.41,0.42
WALTER,727,48024,16.28,37224.3,88.57,6.2,0.94,0.54,1.42,2.34
HENSON,728,48013,16.28,37240.58,82.06,10.79,1.03,1.3,2.45,2.37
ONEAL,729,47979,16.27,37256.84,64.55,29.17,0.44,0.74,2.62,2.48
MOSLEY,730,47963,16.26,37273.1,40.49,53.16,0.33,0.61,3.15,2.27
MCCLURE,731,47742,16.18,37289.29,84.62,9.74,0.57,0.83,1.94,2.3
BEASLEY,732,47693,16.17,37305.45,67.02,27.62,0.42,0.67,2.32,1.95
STEPHENSON,733,47641,16.15,37321.61,80.06,13.96,0.61,0.69,2.04,2.65
SNOW,734,47528,16.11,37337.72,85,8.97,0.61,1.42,2.05,1.94
HUERTA,735,47455,16.09,37353.81,3.78,0.2,0.27,0.14,0.14,95.47
PRESTON,736,47367,16.06,37369.86,73.18,20.4,0.57,1.05,2.3,2.49
VANCE,737,47324,16.04,37385.91,81.62,12.88,0.55,0.65,1.86,2.44
BARRY,738,47274,16.03,37401.93,84.47,10.54,0.76,0.37,1.37,2.49
JOHNS,739,47246,16.02,37417.95,79.78,12.77,0.79,1.95,2.18,2.53
EATON,740,47184,16,37433.94,85.11,9.56,0.54,0.76,1.72,2.31
BLACKWELL,741,47175,15.99,37449.94,65.69,28.46,0.39,0.77,2.64,2.05
DYER,742,47170,15.99,37465.93,83.22,11.36,0.51,0.65,1.76,2.5
PRINCE,743,47168,15.99,37481.92,66.42,26.45,0.71,0.92,2.36,3.14
MACDONALD,744,46717,15.84,37497.76,93.72,1.06,0.85,0.43,1.58,2.37
SOLOMON,745,46534,15.78,37513.53,57.83,32.11,3.13,1.36,2.41,3.15
GUEVARA,746,46454,15.75,37529.28,4.34,0.51,2.71,0.2,0.34,91.9
STAFFORD,747,46394,15.73,37545.01,79.14,15.07,0.48,0.93,2.16,2.23
ENGLISH,748,46393,15.73,37560.74,71.37,22.42,0.72,0.57,2.48,2.44
HURST,749,46244,15.68,37576.41,84.5,10.53,0.47,0.54,1.79,2.18
WOODARD,750,46240,15.68,37592.09,59.9,34.6,0.48,0.59,2.21,2.22
CORTES,751,46229,15.67,37607.76,4.83,0.4,2.06,0.09,0.22,92.4
SHANNON,752,46147,15.64,37623.4,75.16,19.51,0.54,0.4,2.03,2.36
KEMP,753,46146,15.64,37639.05,71.72,22.83,0.49,0.69,2.21,2.07
NOLAN,754,46054,15.61,37654.66,86.85,7.44,0.58,0.56,1.66,2.91
MCCULLOUGH,755,45852,15.54,37670.2,73.27,21.17,0.5,0.45,2.01,2.6
MERRITT,756,45594,15.46,37685.66,75.08,19.67,0.5,0.69,1.95,2.11
MURILLO,757,45558,15.44,37701.11,4.4,0.36,0.87,0.29,0.24,93.84
MOON,758,45528,15.43,37716.54,65.69,10.02,19.1,0.99,2.18,2.02
SALGADO,759,45469,15.41,37731.95,4.08,0.3,1.23,0.34,0.19,93.86
STRONG,760,45432,15.4,37747.36,66.84,25.83,0.8,1.45,2.47,2.6
KLINE,761,45390,15.39,37762.74,94.18,1.62,0.51,0.34,1.33,2.02
CORDOVA,762,45305,15.36,37778.1,10.25,0.63,1.34,0.76,0.51,86.51
BARAJAS,763,45153,15.31,37793.41,3.06,0.1,0.13,0.15,0.1,96.46
ROACH,764,45019,15.26,37808.67,80.26,13.99,0.5,0.84,1.76,2.65
ROSAS,765,44938,15.23,37823.91,3.86,0.25,0.51,0.18,0.12,95.08
WINTERS,766,44914,15.23,37839.13,79.11,15.08,0.52,0.84,2.05,2.41
JACOBSON,767,44808,15.19,37854.32,94.66,0.4,0.76,0.53,1.47,2.18
LESTER,768,44784,15.18,37869.5,75.78,18.6,0.43,1.21,1.75,2.22
KNOX,769,44742,15.17,37884.67,63.4,30.58,0.49,0.74,2.49,2.31
BULLOCK,770,44740,15.17,37899.84,61.59,32.96,0.46,0.61,2.23,2.15
KERR,771,44711,15.16,37915,86.86,7.52,0.8,0.6,1.78,2.44
LEACH,772,44581,15.11,37930.11,80.28,13.84,0.58,0.88,1.99,2.42
MEADOWS,773,44500,15.09,37945.2,81.24,14.17,0.4,0.48,1.81,1.9
ORR,774,44388,15.05,37960.24,79.42,15,0.65,0.77,1.96,2.2
DAVILA,774,44388,15.05,37975.29,6.64,0.7,0.33,0.18,0.2,91.95
WHITEHEAD,776,44373,15.04,37990.33,70.49,24.03,0.4,0.73,2.23,2.11
PRUITT,777,44365,15.04,38005.37,73.19,21.5,0.32,0.71,2.27,2.01
KENT,778,44325,15.03,38020.4,83.88,10.41,0.81,0.67,1.94,2.29
CONWAY,779,44320,15.02,38035.43,81.76,12.47,0.63,0.71,1.94,2.49
MCKEE,780,44137,14.96,38050.39,87.42,6.81,0.63,0.84,1.94,2.35
BARR,781,44130,14.96,38065.35,82.69,11.74,0.59,1.04,1.67,2.26
DAVID,782,44040,14.93,38080.28,59.45,14.86,13.85,1.73,2.52,7.59
DEJESUS,783,44038,14.93,38095.21,5.89,1.56,7.72,0.22,0.69,83.92
MARIN,784,43904,14.88,38110.09,11.07,1.07,0.81,0.17,0.32,86.58
BERGER,785,43851,14.87,38124.96,92.33,2.48,0.69,0.34,1.36,2.8
MCINTYRE,786,43842,14.86,38139.82,78.51,16.27,0.54,0.43,1.93,2.32
BLANKENSHIP,787,43830,14.86,38154.68,93.71,2.03,0.36,0.77,1.51,1.63
GAINES,788,43821,14.86,38169.53,42.93,50.72,0.33,0.58,3.06,2.37
PALACIOS,789,43798,14.85,38184.38,4.28,0.4,0.87,0.15,0.24,94.05
CUEVAS,790,43701,14.81,38199.2,7.35,0.28,1.74,0.16,0.23,90.24
BARTLETT,791,43648,14.8,38213.99,90.56,3.71,0.66,0.65,1.82,2.6
DURHAM,792,43635,14.79,38228.79,73.03,21.54,0.43,0.63,2.2,2.17
DORSEY,793,43631,14.79,38243.58,41.84,52.16,0.4,0.48,3.18,1.95
MCCALL,794,43483,14.74,38258.32,66.52,28.22,0.45,0.55,2.05,2.21
ODONNELL,795,43460,14.73,38273.05,95.1,0.47,0.56,0.27,1.22,2.38
STEIN,796,43389,14.71,38287.76,94.4,1.02,0.7,0.36,1.16,2.36
BROWNING,797,43329,14.69,38302.45,87.47,7.28,0.43,0.7,1.83,2.28
STOUT,798,43305,14.68,38317.13,92.05,2.29,0.65,0.89,1.71,2.42
LOWERY,799,43278,14.67,38331.8,67.95,22.96,0.36,4.48,2.18,2.07
SLOAN,800,43261,14.67,38346.47,79.42,13.85,0.56,1.84,2.09,2.25
MCLEAN,801,43260,14.67,38361.13,66.95,26.91,0.66,0.7,2.14,2.63
HENDRICKS,802,43197,14.64,38375.78,75.7,17.4,0.56,1.35,2.21,2.78
CALHOUN,803,43180,14.64,38390.42,61.69,32.99,0.48,0.52,2.26,2.07
SEXTON,804,43133,14.62,38405.04,91.43,3.64,0.46,0.74,1.58,2.14
CHUNG,805,43110,14.61,38419.65,2.25,2.28,90.01,0.03,4.02,1.4
GENTRY,806,43027,14.59,38434.24,82.09,12.15,0.42,0.73,2.09,2.52
HULL,807,43018,14.58,38448.82,85.54,8.62,0.62,0.74,1.88,2.6
DUARTE,808,42983,14.57,38463.39,16.2,1.67,0.88,0.29,0.97,79.99
ELLISON,809,42827,14.52,38477.91,65.84,28.32,0.59,0.57,2.29,2.4
NIELSEN,810,42773,14.5,38492.41,94.15,0.35,0.88,0.41,1.5,2.71
GILLESPIE,811,42693,14.47,38506.89,81.2,13.84,0.47,0.48,1.72,2.29
BUCK,812,42639,14.45,38521.34,88.1,5.71,0.78,1.43,1.92,2.06
MIDDLETON,813,42578,14.43,38535.78,66.71,28.16,0.5,0.46,2.06,2.11
SELLERS,814,42577,14.43,38550.21,76.51,17.84,0.47,1.04,2.01,2.13
LEBLANC,815,42575,14.43,38564.64,86.17,8.75,0.46,0.68,1.44,2.49
ESPARZA,816,42559,14.43,38579.07,5.12,0.14,0.18,0.24,0.15,94.17
HARDIN,817,42469,14.4,38593.47,77.67,16,0.58,1.41,2.19,2.15
BRADSHAW,818,42465,14.4,38607.86,78.07,16.42,0.45,0.57,2.16,2.34
MCINTOSH,819,42379,14.37,38622.23,69.76,23.8,0.55,1.08,2.5,2.3
HOWE,820,42265,14.33,38636.56,90.62,3.18,0.99,1.27,1.83,2.1
LIVINGSTON,821,42103,14.27,38650.83,72.08,20.89,0.54,1.94,2.03,2.52
FROST,822,42015,14.24,38665.07,86.46,7.69,0.74,0.94,1.99,2.19
GLASS,823,41802,14.17,38679.25,76.99,17.35,0.44,1.06,1.88,2.29
MORSE,824,41774,14.16,38693.41,90.54,4.31,0.72,0.57,1.8,2.06
KNAPP,825,41771,14.16,38707.57,94.71,0.58,0.64,0.44,1.36,2.27
HERMAN,826,41750,14.15,38721.72,90.49,3.4,0.9,1.01,1.26,2.94
STARK,827,41735,14.15,38735.87,92.48,2.25,0.58,0.7,1.53,2.46
BRAVO,828,41700,14.14,38750.01,6.21,0.65,1.9,0.29,0.35,90.6
NOBLE,829,41667,14.13,38764.13,77.69,14.4,1.65,0.74,2.12,3.4
SPEARS,830,41665,14.12,38778.26,66.95,26.34,0.46,1.56,2.47,2.23
WEEKS,831,41565,14.09,38792.35,84.38,9.97,0.55,0.84,1.81,2.45
CORONA,832,41553,14.09,38806.43,8.59,0.3,0.43,0.15,0.25,90.28
FREDERICK,833,41394,14.03,38820.47,80.13,14.07,0.62,0.82,1.94,2.42
BUCKLEY,834,41348,14.02,38834.48,83.18,11.48,0.57,0.73,1.69,2.37
MCFARLAND,835,41300,14,38848.49,78.85,15.64,0.61,0.55,2.12,2.23
HEBERT,836,41275,13.99,38862.48,90.43,4.85,0.45,0.55,1.35,2.36
ENRIQUEZ,837,41271,13.99,38876.47,4.04,0.55,7.92,0.42,0.56,86.51
HICKMAN,838,41163,13.95,38890.42,75.17,18.66,0.45,1.26,2.2,2.27
QUINTERO,839,41158,13.95,38904.38,4.21,0.37,0.42,0.75,0.16,94.09
RANDOLPH,840,41129,13.94,38918.32,55.87,37.71,0.47,0.7,2.88,2.37
SCHAEFER,841,41063,13.92,38932.24,95.05,0.46,0.68,0.35,1.31,2.16
WALLS,842,41025,13.91,38946.15,68.68,25.39,0.37,0.77,2.37,2.42
TREJO,843,41021,13.91,38960.05,3.96,0.36,0.13,0.25,0.16,95.13
HOUSE,844,41000,13.9,38973.95,75.1,18.7,0.42,1.47,2.25,2.05
REILLY,845,40884,13.86,38987.81,95.27,0.43,0.7,0.13,1.16,2.31
PENNINGTON,846,40854,13.85,39001.66,87.86,7.23,0.41,0.53,1.76,2.2
MICHAEL,847,40736,13.81,39015.47,83.59,8.88,1.95,0.67,1.85,3.06
CONRAD,848,40707,13.8,39029.27,92.02,3.14,0.62,0.58,1.48,2.16
GILES,849,40598,13.76,39043.04,64.94,26.15,0.44,0.48,2.32,5.66
BENJAMIN,850,40590,13.76,39056.8,49.04,41.58,2.49,0.9,2.61,3.38
CROSBY,851,40563,13.75,39070.55,70.03,24.02,0.54,0.72,2.19,2.5
FITZPATRICK,852,40449,13.71,39084.26,85.59,9.42,0.6,0.4,1.67,2.32
DONOVAN,853,40410,13.7,39097.96,92.94,2,0.68,0.27,1.33,2.79
MAYS,854,40408,13.7,39111.66,54.75,39.68,0.36,0.56,2.66,1.98
MAHONEY,855,40397,13.69,39125.35,91.1,4.28,0.63,0.24,1.48,2.27
VALENTINE,856,40395,13.69,39139.05,66.06,23.29,0.66,0.5,2.14,7.35
RAYMOND,857,40275,13.65,39152.7,79.07,13.61,1.05,0.94,2.05,3.28
MEDRANO,858,40261,13.65,39166.35,4.27,0.3,1.94,0.21,0.3,92.98
HAHN,859,40250,13.65,39179.99,90.16,0.48,5.69,0.33,1.3,2.04
MCMILLAN,860,40237,13.64,39193.64,67.96,25.64,0.59,1.27,2.4,2.15
SMALL,861,40212,13.63,39207.27,62.66,30.81,0.58,1.41,1.93,2.61
BENTLEY,862,40193,13.63,39220.89,82.48,12.38,0.52,0.46,1.87,2.29
FELIX,863,40165,13.62,39234.51,17.5,11.56,2.8,0.89,0.96,66.29
PECK,864,40055,13.58,39248.09,90.68,3.6,0.9,0.5,1.68,2.64
LUCERO,865,39986,13.56,39261.64,11.1,0.22,2.67,2.89,0.7,82.41
BOYLE,866,39921,13.53,39275.18,93.52,2.02,0.61,0.29,1.29,2.26
HANNA,867,39890,13.52,39288.7,87.09,6.4,0.98,0.57,2.24,2.71
PACE,868,39879,13.52,39302.22,78.26,16.49,0.67,0.51,1.71,2.35
RUSH,869,39802,13.49,39315.71,74.04,20.81,0.46,0.68,1.86,2.16
HURLEY,870,39796,13.49,39329.2,90.71,4.64,0.65,0.62,1.48,1.9
HARDING,871,39787,13.49,39342.69,80.14,13.64,0.61,0.88,2.19,2.53
MCCONNELL,872,39754,13.48,39356.17,88.76,5.98,0.58,0.8,1.78,2.1
BERNAL,873,39693,13.46,39369.62,7.95,0.41,2.39,0.31,0.39,88.54
NAVA,874,39670,13.45,39383.07,4.48,0.27,1.08,0.22,0.2,93.76
AYERS,875,39623,13.43,39396.51,82.96,11.66,0.6,0.58,2.13,2.07
EVERETT,876,39593,13.42,39409.93,68.9,24.59,0.51,0.7,2.1,3.21
VENTURA,877,39580,13.42,39423.35,18.8,0.77,4.64,0.29,1.04,74.47
AVERY,878,39564,13.41,39436.76,71.13,22.93,0.51,0.75,2.39,2.29
PUGH,879,39559,13.41,39450.17,67.24,28.07,0.45,0.43,1.98,1.82
MAYER,880,39555,13.41,39463.58,93.11,1.25,0.91,0.36,1.34,3.04
BENDER,881,39551,13.41,39476.99,88.49,6.53,0.67,0.64,1.6,2.08
SHEPARD,882,39430,13.37,39490.35,76.74,17.05,0.55,0.87,2.16,2.63
MCMAHON,883,39411,13.36,39503.71,93.22,2.27,0.65,0.21,1.3,2.34
LANDRY,884,39391,13.35,39517.07,82.97,12.56,0.51,0.39,1.49,2.09
CASE,885,39319,13.33,39530.4,92.33,2.12,0.65,1.01,1.73,2.16
SAMPSON,886,39277,13.32,39543.71,60.21,29.99,0.66,3.9,2.43,2.8
MOSES,887,39216,13.29,39557.01,55.05,34.47,2.03,3.16,2.7,2.6
MAGANA,888,39105,13.26,39570.26,3.81,0.35,0.61,0.18,0.16,94.9
BLACKBURN,889,39097,13.25,39583.52,87.41,7.31,0.52,0.91,1.71,2.14
DUNLAP,890,39063,13.24,39596.76,75,19.52,0.46,0.66,2.13,2.23
GOULD,891,38924,13.2,39609.96,86.79,7.21,0.72,1.38,1.8,2.1
DUFFY,892,38835,13.17,39623.12,90.71,4.25,0.67,0.49,1.63,2.25
VAUGHAN,893,38830,13.16,39636.29,82.04,12.93,0.5,0.45,1.73,2.35
HERRING,894,38733,13.13,39649.42,72.71,22.05,0.41,0.45,2.16,2.21
MCKAY,895,38681,13.11,39662.53,80.03,13.56,0.7,1.2,2.12,2.39
ESPINOSA,896,38667,13.11,39675.64,7.73,0.43,3.5,0.33,0.36,87.65
RIVERS,897,38662,13.11,39688.74,40.47,50.93,0.61,1.95,2.64,3.4
FARLEY,898,38528,13.06,39701.81,83.74,10.87,0.57,0.76,1.59,2.46
BERNARD,899,38512,13.06,39714.86,62.84,25.83,1.09,0.73,2.15,7.37
ASHLEY,900,38499,13.05,39727.91,71.84,20.6,0.65,2.35,2.25,2.31
FRIEDMAN,901,38374,13.01,39740.92,96.05,0.41,0.6,0.13,0.94,1.88
POTTS,902,38277,12.98,39753.9,79.56,14.31,0.55,1.32,1.99,2.28
TRUONG,903,38267,12.97,39766.87,0.82,0.11,96.87,0.03,1.6,0.57
COSTA,904,38265,12.97,39779.84,83.16,2.26,1.82,0.39,2.11,10.25
CORREA,905,38232,12.96,39792.8,10.37,1,1.71,0.3,1.22,85.39
BLEVINS,906,38229,12.96,39805.76,89.47,5.16,0.37,1.15,2.12,1.73
NIXON,907,38147,12.93,39818.7,62.04,31.59,0.57,0.72,2.51,2.57
CLEMENTS,908,38044,12.9,39831.59,84.86,9.92,0.5,0.62,1.85,2.25
FRY,909,38029,12.89,39844.49,91.09,3.13,0.55,1.14,1.75,2.34
DELAROSA,910,37932,12.86,39857.34,5.21,0.59,4.58,0.28,0.49,88.85
BEST,911,37923,12.86,39870.2,71.82,22.5,0.54,0.6,1.79,2.75
BENTON,912,37912,12.85,39883.05,69,24.95,0.55,0.89,2.23,2.37
LUGO,913,37903,12.85,39895.9,6.9,1,0.41,0.25,0.23,91.21
PORTILLO,914,37890,12.84,39908.75,4.13,0.45,0.39,0.17,0.11,94.76
DOUGHERTY,915,37884,12.84,39921.59,94.37,1.07,0.62,0.28,1.33,2.34
CRANE,916,37870,12.84,39934.43,90.11,4.26,0.62,0.62,1.78,2.61
HALEY,917,37858,12.83,39947.26,81.27,13.23,0.54,0.72,2,2.24
PHAN,918,37836,12.83,39960.09,1.28,0.19,95.83,0.03,2.01,0.65
VILLALOBOS,919,37754,12.8,39972.89,3.9,0.23,0.65,0.23,0.16,94.84
BLANCHARD,920,37695,12.78,39985.67,84.87,9.32,0.51,0.8,1.85,2.65
HORNE,921,37689,12.78,39998.44,70.93,24.03,0.55,0.57,1.94,1.98
FINLEY,922,37672,12.77,40011.21,72.3,21.35,0.52,1.24,2.24,2.36
QUINTANA,923,37657,12.77,40023.98,8.2,0.29,1.06,1.09,0.31,89.05
LYNN,924,37644,12.76,40036.74,84.61,8.99,1.42,0.71,1.77,2.5
ESQUIVEL,925,37578,12.74,40049.48,4.12,0.15,0.68,0.16,0.21,94.66
BEAN,926,37571,12.74,40062.22,80.83,13.42,0.57,0.91,1.79,2.48
DODSON,927,37566,12.74,40074.95,81.39,12.31,0.51,1.38,2.2,2.2
MULLEN,928,37502,12.71,40087.67,87.64,6.89,0.73,0.57,1.86,2.32
XIONG,929,37499,12.71,40100.38,0.33,7.0000000000000007E-2,98.07,0.03,1.14,0.35
HAYDEN,930,37451,12.7,40113.08,80.59,14.05,0.65,0.44,2.03,2.25
CANO,931,37368,12.67,40125.74,6.59,0.4,1.17,0.24,0.33,91.27
LEVY,932,37228,12.62,40138.36,79.16,12.97,0.85,0.25,1.65,5.11
HUBER,933,37170,12.6,40150.97,95.17,0.41,0.64,0.31,1.36,2.11
RICHMOND,934,37053,12.56,40163.53,71.72,22.84,0.53,0.47,2.22,2.22
MOYER,935,37050,12.56,40176.09,93.37,2.4,0.54,0.34,1.44,1.91
LIM,936,37021,12.55,40188.64,2.86,0.23,92.24,0.04,3.04,1.59
FRYE,937,36973,12.53,40201.17,83.04,11.83,0.53,0.98,1.87,1.76
SHEPPARD,938,36960,12.53,40213.7,67.37,26.79,0.47,0.78,2.03,2.56
MCCARTY,939,36944,12.52,40226.22,88.11,6.37,0.54,0.82,1.73,2.44
AVALOS,940,36922,12.52,40238.74,3.54,0.15,0.21,0.15,0.12,95.83
BOOKER,941,36840,12.49,40251.23,28.03,65.22,0.28,0.37,3.78,2.33
WALLER,942,36805,12.48,40263.71,69.64,25.15,0.45,0.48,2.1,2.17
PARRA,943,36765,12.46,40276.17,6.45,0.3,0.41,0.35,0.2,92.29
WOODWARD,944,36764,12.46,40288.63,89.74,4.8,0.62,0.68,1.8,2.36
JARAMILLO,945,36755,12.46,40301.09,7.47,0.27,1,0.68,0.3,90.28
KRUEGER,946,36743,12.46,40313.55,95.97,0.24,0.63,0.36,1.06,1.73
RASMUSSEN,947,36636,12.42,40325.97,94.55,0.27,0.82,0.35,1.43,2.58
BRANDT,948,36613,12.41,40338.38,94.13,0.91,0.65,0.37,1.41,2.52
PERALTA,949,36585,12.4,40350.79,5.17,0.42,7.18,0.33,0.88,86.03
DONALDSON,950,36558,12.39,40363.18,72.06,22.12,0.5,0.4,2.38,2.54
STUART,951,36540,12.39,40375.57,84.01,9.88,0.69,0.58,1.81,3.03
FAULKNER,952,36466,12.36,40387.93,79.38,15.44,0.45,0.6,1.84,2.28
MAYNARD,953,36460,12.36,40400.29,87.48,6.99,0.46,0.69,1.73,2.65
GALINDO,954,36429,12.35,40412.64,5.87,0.15,0.76,0.32,0.25,92.65
COFFEY,955,36423,12.35,40424.99,88.38,6.72,0.52,0.74,1.7,1.94
ESTES,956,36318,12.31,40437.3,86.75,7.17,0.48,1.04,2.07,2.49
SANFORD,957,36312,12.31,40449.61,76.62,17.78,0.55,0.66,2.01,2.39
BURCH,958,36269,12.3,40461.9,78.77,15.35,0.49,0.78,2.19,2.41
MADDOX,959,36250,12.29,40474.19,69.75,25.22,0.42,0.47,1.94,2.19
VO,960,36236,12.28,40486.48,1.4,0.16,96.07,0.04,1.72,0.61
OCONNELL,961,36194,12.27,40498.75,95.42,0.32,0.59,0.18,1.28,2.2
VU,962,36179,12.26,40511.01,1.04,(S),96.61,(S),1.68,0.58
ANDERSEN,963,36150,12.26,40523.27,94,0.82,0.69,0.4,1.45,2.63
SPENCE,964,36129,12.25,40535.51,72.23,21.74,0.61,0.55,2.13,2.73
MCPHERSON,965,36125,12.25,40547.76,73.35,20.66,0.57,0.61,2.33,2.49
CHURCH,966,36072,12.23,40559.99,89.18,5.75,0.47,0.82,1.63,2.16
SCHMITT,967,36043,12.22,40572.21,95.68,0.21,0.58,0.36,1.18,1.99
STANTON,968,35997,12.2,40584.41,82.89,11.56,0.71,0.59,1.9,2.36
LEAL,969,35958,12.19,40596.6,13.02,0.51,0.98,0.24,0.35,84.9
CHERRY,970,35877,12.16,40608.76,58.97,35.45,0.65,0.4,2.49,2.04
COMPTON,971,35830,12.15,40620.91,87.26,7.81,0.47,0.69,1.72,2.04
DUDLEY,972,35781,12.13,40633.04,65.96,27.67,0.52,0.74,2.48,2.62
SIERRA,973,35770,12.13,40645.17,7.23,0.74,0.64,0.51,0.32,90.56
POLLARD,974,35749,12.12,40657.29,62.77,31.39,0.55,0.57,2.4,2.33
ALFARO,975,35725,12.11,40669.4,4.88,0.29,1.28,0.1,0.19,93.26
HESTER,976,35642,12.08,40681.48,73.1,21.94,0.52,0.5,2.18,1.76
PROCTOR,977,35636,12.08,40693.56,70.12,21.55,0.53,2.44,3.11,2.25
LU,978,35628,12.08,40705.64,1.77,0.36,95.74,0.02,1.43,0.69
HINTON,979,35606,12.07,40717.71,53.16,40.63,0.37,1.17,2.58,2.09
NOVAK,980,35461,12.02,40729.73,95.47,0.33,0.7,0.21,1.07,2.23
GOOD,981,35446,12.02,40741.75,88.9,5.48,1.15,0.41,1.62,2.43
MADDEN,982,35438,12.01,40753.76,84.48,10.47,0.68,0.46,1.77,2.14
MCCANN,983,35408,12,40765.77,89.67,5.48,0.65,0.43,1.6,2.17
TERRELL,983,35408,12,40777.77,55.26,38.99,0.39,0.75,2.41,2.2
JARVIS,985,35350,11.98,40789.75,84.87,9.29,0.56,0.55,1.95,2.77
DICKSON,986,35312,11.97,40801.72,75.76,16.89,0.7,1.36,2.19,3.1
REYNA,987,35291,11.96,40813.69,6.18,0.27,0.47,0.45,0.2,92.43
CANTRELL,988,35266,11.96,40825.64,89.67,4.68,0.45,1.18,1.93,2.09
MAYO,989,35228,11.94,40837.59,63.25,22.18,2.08,0.91,2.52,9.07
BRANCH,990,35225,11.94,40849.53,47.37,45.9,0.5,0.62,2.63,2.98
HENDRIX,991,35194,11.93,40861.46,77.99,16.18,0.47,0.71,2.23,2.41
ROLLINS,992,35132,11.91,40873.37,68.29,25.95,0.4,0.48,2.4,2.48
ROWLAND,993,35121,11.91,40885.27,86.6,7.42,0.6,1.02,1.88,2.48
WHITNEY,994,35118,11.91,40897.18,85.44,8.45,0.83,0.82,1.99,2.48
DUKE,995,35053,11.88,40909.06,85.45,8.08,0.62,0.57,1.96,3.32
ODOM,996,35020,11.87,40920.94,69.03,25.85,0.45,0.58,1.99,2.11
DAUGHERTY,997,34987,11.86,40932.8,90.01,4.48,0.47,1.09,1.94,2
TRAVIS,998,34985,11.86,40944.66,73.32,21.01,0.52,0.53,2.21,2.4
TANG,999,34961,11.85,40956.51,2.64,0.62,93.31,0.05,2.13,1.25
ARCHER,1000,34949,11.85,40968.36,79.5,13.99,0.6,0.74,2.03,3.13
